Rk,Player,Tm,FantPos,Age,G,GS,Pass_Cmp,Pass_Att,Pass_Yds,Pass_TD,Pass_Int,Rush_Att,Rush_Yds,Y/A,Rush_TD,Tgt,Rec,Yds,Y/R,Receiving_TD,Fmb,FL,Total_TD,2:00 PM,2PP,FantPt,PPR,DKPt,FDPt,VBD,PosRank,OvRank,Player_Touches,Player Yards,Team Tuches,Team Yard,Team TD,% of Team Touch,% of Team Yard,% of Team TD
1,Christian McCaffrey,SFO,RB,27,16,16,0,0,0,0,0,272,1459,5.36,14,83,67,564,8.42,7,3,2,21,,,324,391.3,399.3,357.8,157,1,1,355,2023,910,6807,60,0.39,0.30,0.35
2,CeeDee Lamb,DAL,WR,24,17,17,0,0,0,0,0,14,113,8.07,2,181,135,1749,12.96,12,3,2,14,1,,268,403.2,411.2,335.7,131,1,2,195,1862,1004,6343,50,0.19,0.29,0.28
4,Tyreek Hill,MIA,WR,29,16,16,0,0,0,0,0,6,15,2.5,0,171,119,1799,15.12,13,1,1,13,,,257,376.4,380.4,316.9,120,2,4,177,1814,953,6899,57,0.19,0.26,0.23
6,Raheem Mostert,MIA,RB,31,15,15,0,0,0,0,0,209,1012,4.84,18,32,25,175,7,3,4,1,21,,,243,267.7,274.7,255.2,80,2,6,241,1187,953,6899,57,0.25,0.17,0.37
7,Amon-Ra St. Brown,DET,WR,24,16,16,0,0,0,0,0,4,24,6,0,164,119,1515,12.73,10,1,1,10,,,212,330.9,334.9,271.4,78,3,7,168,1539,1025,6794,57,0.16,0.23,0.18
9,Mike Evans,TAM,WR,30,17,17,0,0,0,0,0,0,0,,0,136,79,1255,15.89,13,0,0,13,,,204,282.5,285.5,243,70,4,9,136,1255,924,5404,36,0.15,0.23,0.36
11,Sam LaPorta,DET,TE,22,17,14,0,0,0,0,0,1,4,4,0,120,86,889,10.34,10,0,0,10,2,,153,239.3,242.3,196.3,65,1,11,121,893,1025,6794,57,0.12,0.13,0.18
12,Travis Etienne,JAX,RB,24,17,17,0,0,0,0,0,267,1008,3.78,11,73,58,476,8.21,1,0,0,12,2,,224,282.4,288.4,253.4,62,3,12,340,1484,977,5652,39,0.35,0.26,0.31
13,Kyren Williams,LAR,RB,23,12,11,0,0,0,0,0,228,1144,5.02,12,48,32,206,6.44,3,3,2,15,1,,223,255,263,239,61,4,13,276,1350,953,6064,43,0.29,0.22,0.35
14,Puka Nacua,LAR,WR,22,17,17,0,0,0,0,0,12,89,7.42,0,160,105,1486,14.15,6,1,0,6,,,194,298.5,301.5,246,60,5,14,172,1575,953,6064,43,0.18,0.26,0.14
15,D.J. Moore,CHI,WR,26,17,17,0,0,0,0,0,4,21,5.25,1,136,96,1364,14.21,8,1,1,9,,,191,286.5,290.5,238.5,58,6,15,140,1385,802,4855,33,0.17,0.29,0.27
16,Derrick Henry,TEN,RB,29,17,17,2,3,14,2,0,280,1167,4.17,12,36,28,214,7.64,0,0,0,12,,,219,246.7,252.7,232.7,57,5,16,316,1381,868,5210,29,0.36,0.27,0.41
17,Joe Mixon,CIN,RB,27,17,17,0,0,0,0,0,257,1034,4.02,9,64,52,376,7.23,3,0,0,12,1,,215,267,273,241,54,6,17,321,1410,914,5574,40,0.35,0.25,0.30
19,Breece Hall,NYJ,RB,22,17,16,0,0,0,0,0,223,994,4.46,5,95,76,591,7.78,4,2,0,9,1,,215,290.5,296.5,252.5,53,7,19,318,1585,778,4339,19,0.41,0.37,0.47
20,A.J. Brown,PHI,WR,26,17,17,0,0,0,0,0,0,0,,0,158,106,1456,13.74,7,2,2,7,,,184,289.6,294.6,236.6,51,8,20,158,1456,869,5600,46,0.18,0.26,0.15
21,Deebo Samuel,SFO,WR,27,15,15,0,1,0,0,0,37,225,6.08,5,89,60,892,14.87,7,1,0,12,,,184,243.7,249.7,213.7,51,7,21,126,1117,910,6807,60,0.14,0.16,0.20
22,George Kittle,SFO,TE,30,16,16,0,0,0,0,0,1,2,2,0,90,65,1020,15.69,6,0,0,6,,,138,203.2,206.2,170.7,51,2,22,91,1022,910,6807,60,0.10,0.15,0.10
23,Nico Collins,HOU,WR,24,15,10,0,0,0,0,0,1,7,7,0,109,80,1297,16.21,8,1,0,8,1,,180,260.4,263.4,220.4,48,9,23,110,1304,948,5996,39,0.12,0.22,0.21
24,Rachaad White,TAM,RB,24,17,17,0,0,0,0,0,272,990,3.64,6,70,64,549,8.58,3,3,2,9,,,204,267.9,275.9,235.9,43,8,24,342,1539,924,5404,36,0.37,0.28,0.25
25,Brandon Aiyuk,SFO,WR,25,16,16,0,0,0,0,0,0,0,,0,105,75,1342,17.89,7,1,1,7,,,174,249.2,253.2,211.7,42,10,25,105,1342,910,6807,60,0.12,0.20,0.12
26,Travis Kelce,KAN,TE,34,15,15,0,0,0,0,0,0,0,,0,121,93,984,10.58,5,1,1,5,,,126,219.4,223.4,172.9,40,3,26,121,984,911,5612,37,0.13,0.18,0.14
27,Keenan Allen,LAC,WR,31,13,13,1,2,49,1,0,2,6,3,0,150,108,1243,11.51,7,2,1,7,,,171,278.9,282.9,224.9,39,11,27,152,1249,1035,5806,38,0.15,0.22,0.18
28,T.J. Hockenson,MIN,TE,26,15,11,0,0,0,0,0,0,0,,0,127,95,960,10.11,5,1,1,5,,,124,219,223,171.5,37,4,28,127,960,889,5818,33,0.14,0.17,0.15
29,Stefon Diggs,BUF,WR,30,17,17,0,0,0,0,0,1,5,5,0,160,107,1183,11.06,8,2,1,8,1,,167,273.8,277.8,220.3,35,12,29,161,1188,932,6004,52,0.17,0.20,0.15
30,David Njoku,CLE,TE,27,16,16,0,0,0,0,0,0,0,,0,123,81,882,10.89,6,2,2,6,,,120,201.2,206.2,160.7,34,5,30,123,882,1023,5659,39,0.12,0.16,0.15
32,David Montgomery,DET,RB,26,14,14,0,0,0,0,0,219,1015,4.63,13,24,16,117,7.31,0,2,1,13,1,,191,207.2,214.2,199.2,31,9,32,243,1132,1025,6794,57,0.24,0.17,0.23
33,Ja'Marr Chase,CIN,WR,23,16,16,1,1,-7,0,0,3,-6,-2,0,145,100,1216,12.16,7,1,0,7,,,163,262.7,265.7,212.7,31,13,33,148,1210,914,5574,40,0.16,0.22,0.18
34,Davante Adams,LVR,WR,31,17,17,0,0,0,0,0,0,0,,0,175,103,1144,11.11,8,0,0,8,,,162,265.4,268.4,213.9,31,14,34,175,1144,903,5152,31,0.19,0.22,0.26
35,Jahmyr Gibbs,DET,RB,21,15,3,0,0,0,0,0,182,945,5.19,10,71,52,316,6.08,1,2,1,11,,,190,242.1,249.1,216.1,30,10,35,253,1261,1025,6794,57,0.25,0.19,0.19
36,Evan Engram,JAX,TE,29,17,15,0,0,0,0,0,0,0,,0,143,114,963,8.45,4,3,2,4,,,116,230.3,235.3,173.3,30,6,36,143,963,977,5652,39,0.15,0.17,0.10
37,James Cook,BUF,RB,24,17,13,0,0,0,0,0,237,1122,4.73,2,54,44,445,10.11,4,4,2,6,,,189,232.7,240.7,210.7,29,11,37,291,1567,932,6004,52,0.31,0.26,0.12
38,Bijan Robinson,ATL,RB,21,17,16,0,0,0,0,0,214,976,4.56,4,86,58,487,8.4,4,4,3,8,,,188,246.3,255.3,217.3,29,12,38,300,1463,930,5516,31,0.32,0.27,0.26
39,D.K. Metcalf,SEA,WR,26,16,16,0,0,0,0,0,0,0,,0,119,66,1114,16.88,8,0,0,8,,,159,225.4,228.4,192.4,28,15,39,119,1114,886,5580,34,0.13,0.20,0.24
41,Taysom Hill,NOR,TE,33,16,7,6,11,83,1,0,81,401,4.95,4,40,33,291,8.82,2,1,1,6,,,111,143.5,150.5,127,25,7,41,121,692,988,5818,40,0.12,0.12,0.15
42,Amari Cooper,CLE,WR,29,15,15,0,0,0,0,0,0,0,,0,128,72,1250,17.36,5,2,1,5,1,,155,227,231,191,24,16,42,128,1250,1023,5659,39,0.13,0.22,0.13
43,Saquon Barkley,NYG,RB,26,14,14,0,0,0,0,0,247,962,3.89,6,60,41,280,6.83,4,2,2,10,1,,182,223.2,231.2,202.7,23,13,43,307,1242,823,4625,25,0.37,0.27,0.40
44,Calvin Ridley,JAX,WR,29,17,17,0,0,0,0,0,9,23,2.56,0,136,76,1016,13.37,8,1,0,8,1,,154,229.9,232.9,191.9,23,17,44,145,1039,977,5652,39,0.15,0.18,0.21
45,Jayden Reed,GNB,WR,23,16,13,0,0,0,0,0,11,119,10.82,2,94,64,793,12.39,8,2,0,10,1,,153,217.2,223.2,185.2,22,18,45,105,912,945,5859,42,0.11,0.16,0.24
46,Cole Kmet,CHI,TE,24,17,17,0,0,0,0,0,3,2,0.67,0,90,73,719,9.85,6,1,0,6,,,108,181.1,184.1,144.6,22,8,46,93,721,802,4855,33,0.12,0.15,0.18
47,Jordan Addison,MIN,WR,21,17,14,0,0,0,0,0,1,2,2,0,108,70,911,13.01,10,0,0,10,,,151,221.3,224.3,186.3,21,19,47,109,913,889,5818,33,0.12,0.16,0.30
48,Jake Ferguson,DAL,TE,24,17,16,0,0,0,0,0,0,0,,0,102,71,761,10.72,5,0,0,5,,,106,177.1,180.1,141.6,21,9,48,102,761,1004,6343,50,0.10,0.12,0.10
49,DeAndre Hopkins,TEN,WR,31,17,16,0,1,0,0,0,2,9,4.5,0,137,75,1057,14.09,7,0,0,7,,,149,223.6,226.6,186.1,18,20,49,139,1066,868,5210,29,0.16,0.20,0.24
51,Jakobi Meyers,LVR,WR,27,16,16,2,3,12,1,0,4,24,6,2,106,71,807,11.37,8,0,0,10,,,148,218.6,221.6,183.1,17,21,51,110,831,903,5152,31,0.12,0.16,0.32
52,James Conner,ARI,RB,28,13,13,0,0,0,0,0,208,1040,5,7,33,27,165,6.11,2,0,0,9,,,175,201.5,207.5,188,16,15,52,241,1205,868,5028,31,0.28,0.24,0.29
53,Gus Edwards,BAL,RB,28,17,9,0,0,0,0,0,198,810,4.09,13,13,12,180,15,0,3,2,13,1,,175,187,195,181,16,14,53,211,990,850,5635,54,0.25,0.18,0.24
54,DeVonta Smith,PHI,WR,25,16,16,0,0,0,0,0,0,0,,0,112,81,1066,13.16,7,1,1,7,,,147,227.6,231.6,187.1,16,22,54,112,1066,869,5600,46,0.13,0.19,0.15
55,George Pickens,PIT,WR,22,17,16,0,0,0,0,0,3,18,6,0,106,63,1140,18.1,5,3,0,5,,,146,208.8,211.8,177.3,15,23,55,109,1158,900,5315,29,0.12,0.22,0.17
56,Trey McBride,ARI,TE,24,17,12,0,0,0,0,0,0,0,,0,106,81,825,10.19,3,1,0,3,,,101,181.5,184.5,141,15,10,56,106,825,868,5028,31,0.12,0.16,0.10
57,Chris Olave,NOR,WR,23,16,11,0,0,0,0,0,0,0,,0,138,87,1123,12.91,5,0,0,5,1,,144,231.3,234.3,187.8,14,24,57,138,1123,988,5818,40,0.14,0.19,0.13
59,Kenneth Walker III,SEA,RB,23,15,15,0,0,0,0,0,219,905,4.13,8,37,29,259,8.93,1,1,0,9,,,170,199.4,205.4,184.9,12,16,59,256,1164,886,5580,34,0.29,0.21,0.26
61,Isiah Pacheco,KAN,RB,24,14,13,0,0,0,0,0,205,935,4.56,7,49,44,244,5.55,2,1,1,9,,,170,213.9,220.9,191.9,11,17,61,254,1179,911,5612,37,0.28,0.21,0.24
62,Michael Pittman Jr.,IND,WR,26,16,15,0,0,0,0,0,0,0,,0,156,109,1152,10.57,4,2,1,4,2,,141,250.2,254.2,195.7,11,25,62,156,1152,944,5677,37,0.17,0.20,0.11
63,Tony Pollard,DAL,RB,26,17,17,0,0,0,0,0,252,1005,3.99,6,67,55,311,5.65,0,3,1,6,1,,168,222.6,229.6,195.1,9,18,63,319,1316,1004,6343,50,0.32,0.21,0.12
64,Jerome Ford,CLE,RB,24,17,12,0,0,0,0,0,204,813,3.99,4,63,44,319,7.25,5,1,1,9,1,,167,211.2,218.2,189.2,9,19,64,267,1132,1023,5659,39,0.26,0.20,0.23
65,Najee Harris,PIT,RB,25,17,17,0,0,0,0,0,255,1035,4.06,8,38,29,170,5.86,0,2,1,8,,,167,195.5,202.5,181,8,20,65,293,1205,900,5315,29,0.33,0.23,0.28
67,Dalton Schultz,HOU,TE,27,15,8,0,0,0,0,0,0,0,,0,88,59,635,10.76,5,1,1,5,,,92,150.5,154.5,121,7,11,67,88,635,948,5996,39,0.09,0.11,0.13
68,Mark Andrews,BAL,TE,28,10,9,0,0,0,0,0,1,0,0,0,61,45,544,12.09,6,1,0,6,,,90,135.4,138.4,112.9,6,12,68,62,544,850,5635,54,0.07,0.10,0.11
69,De'Von Achane,MIA,RB,22,11,4,0,0,0,0,0,103,800,7.77,8,37,27,197,7.3,3,1,1,11,,,164,190.7,197.7,177.2,5,21,69,140,997,953,6899,57,0.15,0.14,0.19
70,Justin Jefferson,MIN,WR,24,10,9,0,1,0,0,0,1,-12,-12,0,100,68,1074,15.79,5,1,1,5,,,134,202.2,206.2,168.2,5,26,70,101,1062,889,5818,33,0.11,0.18,0.15
71,Brian Robinson Jr.,WAS,RB,24,15,15,0,0,0,0,0,178,733,4.12,5,43,36,368,10.22,4,4,2,9,1,,162,198.1,206.1,180.1,4,22,71,221,1101,905,5482,39,0.24,0.20,0.23
72,Rashee Rice,KAN,WR,23,16,8,0,0,0,0,0,1,-3,-3,0,102,79,938,11.87,7,2,1,7,,,134,212.5,216.5,173,4,27,72,103,935,911,5612,37,0.11,0.17,0.19
73,D'Andre Swift,PHI,RB,24,16,15,0,0,0,0,0,229,1049,4.58,5,49,39,214,5.49,1,3,1,6,,,160,199.3,206.3,179.8,2,23,73,278,1263,869,5600,46,0.32,0.23,0.13
74,Courtland Sutton,DEN,WR,28,16,14,0,0,0,0,0,0,0,,0,90,59,772,13.08,10,3,3,10,,,131,190.2,196.2,160.7,2,28,74,90,772,836,5027,37,0.11,0.15,0.27
75,Terry McLaurin,WAS,WR,28,17,17,0,0,0,0,0,0,0,,0,132,79,1002,12.68,4,0,0,5,,,130,209.2,212.2,169.7,1,29,75,132,1002,905,5482,39,0.15,0.18,0.13
87,Alvin Kamara,NOR,RB,28,13,12,0,0,0,0,0,180,694,3.86,5,86,75,466,6.21,1,0,0,6,3,,158,233,239,195.5,,24,,266,1160,988,5818,40,0.27,0.20,0.15
92,Chuba Hubbard,CAR,RB,24,17,12,0,0,0,0,0,238,902,3.79,5,44,39,233,5.97,0,1,0,5,,,144,182.5,188.5,163,,26,,282,1135,935,4758,21,0.30,0.24,0.24
93,Josh Jacobs,LVR,RB,25,13,13,0,0,0,0,0,233,805,3.45,6,54,37,296,8,0,3,1,6,,,144,181.1,188.1,162.6,,25,,287,1101,903,5152,31,0.32,0.21,0.19
95,Zack Moss,IND,RB,26,14,8,0,0,0,0,0,183,794,4.34,5,37,27,192,7.11,2,0,0,7,1,,143,169.6,175.6,156.1,,27,,220,986,944,5677,37,0.23,0.17,0.19
96,Devin Singletary,HOU,RB,26,17,10,1,1,6,1,0,216,898,4.16,4,38,30,193,6.43,0,1,0,4,,,137,167.3,173.3,152.3,,29,,254,1091,948,5996,39,0.27,0.18,0.10
97,Jonathan Taylor,IND,RB,24,10,7,0,0,0,0,0,169,741,4.38,7,23,19,153,8.05,1,1,0,8,,,137,156.4,162.4,146.9,,28,,192,894,944,5677,37,0.20,0.16,0.22
98,Jaylen Warren,PIT,RB,25,17,0,0,0,0,0,0,149,784,5.26,4,74,61,370,6.07,0,4,2,4,,,135,196.4,204.4,165.9,,30,,223,1154,900,5315,29,0.25,0.22,0.14
99,Austin Ekeler,LAC,RB,28,14,14,0,0,0,0,0,179,628,3.51,5,74,51,436,8.55,1,5,4,6,,,134,185.4,195.4,159.9,,31,,253,1064,1035,5806,38,0.24,0.18,0.16
100,Javonte Williams,DEN,RB,23,16,13,0,0,0,0,0,217,774,3.57,3,58,47,228,4.85,2,1,1,5,2,,132,179.2,186.2,155.7,,32,,275,1002,836,5027,37,0.33,0.20,0.14
101,Zay Flowers,BAL,WR,23,16,16,0,0,0,0,0,8,56,7,1,108,77,858,11.14,5,0,0,6,1,,129,206.4,209.4,167.9,,30,,116,914,850,5635,54,0.14,0.16,0.11
102,Adam Thielen,CAR,WR,33,17,17,0,0,0,0,0,1,6,6,0,137,103,1014,9.84,4,2,0,4,1,,128,231,234,179.5,,31,,138,1020,935,4758,21,0.15,0.21,0.19
103,Jaylen Waddle,MIA,WR,25,14,14,0,0,0,0,0,3,12,4,0,104,72,1014,14.08,4,0,0,4,,,127,198.6,201.6,162.6,,32,,107,1026,953,6899,57,0.11,0.15,0.07
104,Chris Godwin,TAM,WR,27,17,17,0,1,0,0,0,4,38,9.5,1,130,83,1024,12.34,2,0,0,3,1,,126,209.2,212.2,167.7,,33,,134,1062,924,5404,36,0.15,0.20,0.08
106,Ezekiel Elliott,NWE,RB,28,17,5,0,0,0,0,0,184,642,3.49,3,65,51,313,6.14,2,2,1,5,,,124,174.5,181.5,149,,33,,249,955,913,4837,26,0.27,0.20,0.19
107,Tyler Lockett,SEA,WR,31,17,17,0,0,0,0,0,0,0,,0,122,79,894,11.32,5,0,0,5,2,,123,202.4,205.4,162.9,,34,,122,894,886,5580,34,0.14,0.16,0.15
108,Tyler Allgeier,ATL,RB,23,17,3,0,0,0,0,0,186,683,3.67,4,23,18,193,10.72,1,0,0,5,1,,120,137.6,143.6,128.6,,34,,209,876,930,5516,31,0.22,0.16,0.16
110,Brandin Cooks,DAL,WR,30,16,15,0,0,0,0,0,5,35,7,0,81,54,657,12.17,8,1,0,8,1,,119,173.2,176.2,146.2,,35,,86,692,1004,6343,50,0.09,0.11,0.16
111,Tank Dell,HOU,WR,24,11,8,0,0,0,0,0,11,51,4.64,0,75,47,709,15.09,7,1,0,7,,,118,165,168,141.5,,37,,86,760,948,5996,39,0.09,0.13,0.18
112,Garrett Wilson,NYJ,WR,23,17,17,0,1,0,0,0,4,0,0,0,168,95,1042,10.97,3,2,2,3,,,118,213.2,218.2,165.7,,36,,172,1042,778,4339,19,0.22,0.24,0.16
113,Gabriel Davis,BUF,WR,24,17,17,0,0,0,0,0,1,-2,-2,0,81,45,746,16.58,7,1,1,7,1,,116,161.4,165.4,138.9,,38,,82,744,932,6004,52,0.09,0.12,0.13
114,Romeo Doubs,GNB,WR,23,17,16,0,0,0,0,0,0,0,,0,96,59,674,11.42,8,1,0,8,,,115,174.4,177.4,144.9,,39,,96,674,945,5859,42,0.10,0.12,0.19
116,Rashid Shaheed,NOR,WR,25,15,8,0,0,0,0,0,7,37,5.29,0,75,46,719,15.63,5,1,1,6,,,110,155.6,159.6,132.6,,40,,82,756,988,5818,40,0.08,0.13,0.15
117,Rhamondre Stevenson,NWE,RB,25,12,12,0,0,0,0,0,156,619,3.97,4,51,38,238,6.26,0,1,1,4,,,108,145.7,152.7,126.7,,35,,207,857,913,4837,26,0.23,0.18,0.15
119,Aaron Jones,GNB,RB,29,11,11,0,0,0,0,0,142,656,4.62,2,43,30,233,7.77,1,2,1,3,,,105,134.9,141.9,119.9,,36,,185,889,945,5859,42,0.20,0.15,0.07
120,Cooper Kupp,LAR,WR,30,12,12,0,0,0,0,0,1,-3,-3,0,95,59,737,12.49,5,0,0,5,1,,105,164.4,167.4,134.9,,41,,96,734,953,6064,43,0.10,0.12,0.12
121,Drake London,ATL,WR,22,16,16,1,1,22,0,0,0,0,,0,110,69,905,13.12,2,0,0,2,1,,105,174.4,177.4,139.9,,42,,110,905,930,5516,31,0.12,0.16,0.06
122,Kareem Hunt,CLE,RB,28,15,2,0,0,0,0,0,135,411,3.04,9,21,15,84,5.6,0,0,0,9,,,104,118.5,121.5,111,,37,,156,495,1023,5659,39,0.15,0.09,0.23
123,Alexander Mattison,MIN,RB,25,16,13,0,0,0,0,0,180,700,3.89,0,44,30,192,6.4,3,3,2,3,,,103,133.2,141.2,118.2,,38,,224,892,889,5818,33,0.25,0.15,0.09
124,Diontae Johnson,PIT,WR,27,13,11,0,0,0,0,0,0,0,,0,87,51,717,14.06,5,1,0,5,,,102,152.7,155.7,127.2,,43,,87,717,900,5315,29,0.10,0.13,0.17
126,Tyjae Spears,TEN,RB,22,17,1,0,0,0,0,0,100,453,4.53,2,70,52,385,7.4,1,1,0,3,,,102,153.8,159.8,127.8,,39,,170,838,868,5210,29,0.20,0.16,0.10
128,Darius Slayton,NYG,WR,26,17,13,0,0,0,0,0,0,0,,0,79,50,770,15.4,4,0,0,4,,,101,151,154,126,,44,,79,770,823,4625,25,0.10,0.17,0.16
129,AJ Dillon,GNB,RB,25,15,6,0,0,0,0,0,178,613,3.44,2,28,22,223,10.14,0,0,0,2,,,96,117.6,123.6,106.6,,40,,206,836,945,5859,42,0.22,0.14,0.05
130,Tee Higgins,CIN,WR,24,12,11,0,0,0,0,0,0,0,,0,76,42,656,15.62,5,0,0,5,,,96,137.6,140.6,116.6,,45,,76,656,914,5574,40,0.08,0.12,0.13
131,Curtis Samuel,WAS,WR,27,16,13,0,0,0,0,0,7,39,5.57,1,91,62,613,9.89,4,0,0,5,,,95,157.2,160.2,126.2,,46,,98,652,905,5482,39,0.11,0.12,0.13
133,Khalil Herbert,CHI,RB,25,12,9,0,0,0,0,0,132,611,4.63,2,31,20,134,6.7,1,1,1,3,1,,93,112.5,119.5,102.5,,41,,163,745,802,4855,33,0.20,0.15,0.09
134,Christian Kirk,JAX,WR,27,12,12,1,2,-1,0,0,1,6,6,0,85,57,787,13.81,3,2,2,3,,,93,150.3,155.3,121.8,,47,,86,793,977,5652,39,0.09,0.14,0.08
135,Josh Downs,IND,WR,22,17,9,0,0,0,0,0,0,0,,0,98,68,771,11.34,2,0,0,2,,,89,157.1,160.1,123.1,,48,,98,771,944,5677,37,0.10,0.14,0.05
136,Josh Reynolds,DET,WR,28,17,13,0,0,0,0,0,0,0,,0,64,40,608,15.2,5,1,1,5,,,89,128.8,132.8,108.8,,49,,64,608,1025,6794,57,0.06,0.09,0.09
137,Jerry Jeudy,DEN,WR,24,16,11,0,0,0,0,0,0,0,,0,87,54,758,14.04,2,1,0,2,,,88,141.8,144.8,114.8,,50,,87,758,836,5027,37,0.10,0.15,0.05
138,Jaxon Smith-Njigba,SEA,WR,21,17,3,0,0,0,0,0,0,0,,0,93,63,628,9.97,4,0,0,4,,,87,149.8,152.8,118.3,,51,,93,628,886,5580,34,0.10,0.11,0.12
141,Marquise Brown,ARI,WR,26,14,14,0,0,0,0,0,2,23,11.5,0,101,51,574,11.25,4,0,0,4,,,84,134.7,137.7,109.2,,52,,103,597,868,5028,31,0.12,0.12,0.13
142,Kyle Pitts,ATL,TE,23,17,15,0,0,0,0,0,1,-4,-4,0,90,53,667,12.58,3,0,0,3,,,84,137.3,140.3,110.8,,13,,91,663,930,5516,31,0.10,0.12,0.10
143,DJ Chark,CAR,WR,27,15,11,0,0,0,0,0,0,0,,0,66,35,525,15,5,2,1,5,,,81,115.5,119.5,98,,54,,66,525,935,4758,21,0.07,0.11,0.24
144,Justice Hill,BAL,RB,26,16,5,0,0,0,0,0,84,387,4.61,3,39,28,206,7.36,1,1,1,4,,,81,109.3,116.3,95.3,,42,,123,593,850,5635,54,0.14,0.11,0.07
145,Dontayvion Wicks,GNB,WR,22,15,6,1,1,14,0,0,1,1,1,0,58,39,581,14.9,4,3,1,4,,,81,119.8,123.8,100.3,,53,,59,582,945,5859,42,0.06,0.10,0.10
146,Ty Chandler,MIN,RB,25,17,4,0,0,0,0,0,102,461,4.52,3,25,21,159,7.57,0,0,0,3,,,80,101,107,90.5,,44,,127,620,889,5818,33,0.14,0.11,0.09
147,D'Onta Foreman,CHI,RB,27,9,8,0,0,0,0,0,109,425,3.9,4,16,11,77,7,1,1,0,5,,,80,91.2,94.2,85.7,,43,,125,502,802,4855,33,0.16,0.10,0.15
149,Antonio Gibson,WAS,RB,25,16,2,0,0,0,0,0,65,265,4.08,1,59,48,389,8.1,2,4,2,3,,,79,127.4,135.4,103.4,,45,,124,654,905,5482,39,0.14,0.12,0.08
150,Tyler Boyd,CIN,WR,29,17,13,0,1,0,0,1,2,11,5.5,0,98,67,667,9.96,2,0,0,2,,,78,144.8,148.8,112.3,,55,,100,678,914,5574,40,0.11,0.12,0.05
151,Hunter Henry,NWE,TE,29,14,10,0,0,0,0,0,0,0,,0,61,42,419,9.98,6,1,0,6,,,78,119.9,122.9,98.9,,14,,61,419,913,4837,26,0.07,0.09,0.23
152,Dallas Goedert,PHI,TE,28,14,14,0,0,0,0,0,1,1,1,0,83,59,592,10.03,3,0,0,3,,,77,136.3,139.3,106.8,,15,,84,593,869,5600,46,0.10,0.11,0.07
153,Dalton Kincaid,BUF,TE,24,16,11,0,0,0,0,0,0,0,,0,91,73,673,9.22,2,1,1,2,,,77,150.3,154.3,113.8,,16,,91,673,932,6004,52,0.10,0.11,0.04
154,Michael Wilson,ARI,WR,23,13,12,0,0,0,0,0,0,0,,0,58,38,565,14.87,3,0,0,3,1,,77,114.5,117.5,95.5,,56,,58,565,868,5028,31,0.07,0.11,0.10
155,Jahan Dotson,WAS,WR,23,17,16,0,0,0,0,0,0,0,,0,83,49,518,10.57,4,0,0,4,,,76,124.8,127.8,100.3,,57,,83,518,905,5482,39,0.09,0.09,0.10
156,Rico Dowdle,DAL,RB,25,16,0,0,0,0,0,0,89,361,4.06,2,22,17,144,8.47,2,0,0,4,,,75,91.5,97.5,83,,47,,111,505,1004,6343,50,0.11,0.08,0.08
157,Jaleel McLaughlin,DEN,RB,23,17,3,0,0,0,0,0,76,410,5.39,1,36,31,160,5.16,2,0,0,3,,,75,106,112,90.5,,46,,112,570,836,5027,37,0.13,0.11,0.08
158,Khalil Shakir,BUF,WR,23,17,10,0,0,0,0,0,1,10,10,0,45,39,611,15.67,2,1,0,2,,,74,113.1,116.1,93.6,,58,,46,621,932,6004,52,0.05,0.10,0.04
159,Jonnu Smith,ATL,TE,28,17,6,0,1,0,0,0,1,0,0,0,70,50,582,11.64,3,1,1,3,,,74,124.2,128.2,99.2,,17,,71,582,930,5516,31,0.08,0.11,0.10
160,Tutu Atwell,LAR,WR,24,16,14,0,0,0,0,0,5,31,6.2,0,67,39,483,12.38,3,0,0,3,1,1,73,112.4,115.4,92.9,,59,,72,514,953,6064,43,0.08,0.08,0.07
161,Odell Beckham Jr.,BAL,WR,31,14,6,0,0,0,0,0,0,0,,0,64,35,565,16.14,3,1,1,3,,,73,107.5,111.5,90,,63,,64,565,850,5635,54,0.08,0.10,0.06
162,Zach Charbonnet,SEA,RB,22,16,2,0,0,0,0,0,108,462,4.28,1,40,33,209,6.33,0,0,0,1,,,73,106.1,112.1,89.6,,48,,148,671,886,5580,34,0.17,0.12,0.03
163,Elijah Moore,CLE,WR,23,17,12,0,0,0,0,0,9,11,1.22,0,104,59,640,10.85,2,2,2,2,,,73,132.1,137.1,102.6,,62,,113,651,1023,5659,39,0.11,0.12,0.05
165,Wan'Dale Robinson,NYG,WR,22,15,8,0,0,0,0,0,9,87,9.67,1,78,60,525,8.75,1,0,0,2,,,73,133.2,136.2,103.2,,61,,87,612,823,4625,25,0.11,0.13,0.08
166,Christian Watson,GNB,WR,24,9,9,0,0,0,0,0,4,11,2.75,0,53,28,422,15.07,5,0,0,5,,,73,101.3,104.3,87.3,,60,,57,433,945,5859,42,0.06,0.07,0.12
167,K.J. Osborn,MIN,WR,26,16,12,0,0,0,0,0,0,0,,0,75,48,540,11.25,3,1,0,3,,,72,120,123,96,,64,,75,540,889,5818,33,0.08,0.09,0.09
168,Logan Thomas,WAS,TE,32,16,15,0,0,0,0,0,1,2,2,0,78,55,496,9.02,4,2,2,4,1,,72,126.8,131.8,99.3,,18,,79,498,905,5482,39,0.09,0.09,0.10
169,Isaiah Likely,BAL,TE,23,17,8,0,0,0,0,0,0,0,,0,40,30,411,13.7,5,0,0,5,,,71,101.1,104.1,86.1,,19,,40,411,850,5635,54,0.05,0.07,0.09
170,Samaje Perine,DEN,RB,28,17,1,0,0,0,0,0,53,238,4.49,1,56,50,455,9.1,0,3,2,1,,,71,121.3,129.3,96.3,,49,,109,693,836,5027,37,0.13,0.14,0.03
171,Cade Otton,TAM,TE,24,17,17,0,0,0,0,0,0,0,,0,67,47,455,9.68,4,1,1,4,1,,70,116.5,120.5,93,,20,,67,455,924,5404,36,0.07,0.08,0.11
172,Dameon Pierce,HOU,RB,23,14,7,0,0,0,0,0,145,416,2.87,2,17,13,101,7.77,0,0,0,3,,,70,82.7,88.7,76.2,,50,,162,517,948,5996,39,0.17,0.09,0.08
173,Noah Brown,HOU,WR,27,10,7,0,0,0,0,0,1,-1,-1,0,55,33,567,17.18,2,0,0,2,,,69,101.6,104.6,85.1,,66,,56,566,948,5996,39,0.06,0.09,0.05
174,Josh Palmer,LAC,WR,24,10,6,0,0,0,0,0,1,6,6,0,61,38,581,15.29,2,1,1,2,,,69,106.7,110.7,87.7,,65,,62,587,1035,5806,38,0.06,0.10,0.05
176,Roschon Johnson,CHI,RB,22,15,0,0,0,0,0,0,81,352,4.35,2,40,34,209,6.15,0,1,0,2,,,68,102.1,108.1,85.1,,51,,121,561,802,4855,33,0.15,0.12,0.06
178,Kenneth Gainwell,PHI,RB,24,16,2,1,1,17,0,0,84,364,4.33,2,37,30,183,6.1,0,3,1,2,1,,67,97.4,104.4,82.4,,52,,121,547,869,5600,46,0.14,0.10,0.04
181,Latavius Murray,BUF,RB,33,16,4,0,0,0,0,0,79,300,3.8,4,22,17,119,7,0,1,0,4,,,66,82.9,88.9,74.4,,53,,101,419,932,6004,52,0.11,0.07,0.08
182,Rondale Moore,ARI,WR,23,17,8,0,0,0,0,0,28,178,6.36,1,62,40,352,8.8,1,1,0,2,,,65,105,111,85,,67,,90,530,868,5028,31,0.10,0.11,0.06
184,Kendrick Bourne,NWE,WR,28,8,5,0,0,0,0,0,1,4,4,0,55,37,406,10.97,4,1,1,4,,,63,100,104,81.5,,69,,56,410,913,4837,26,0.06,0.08,0.15
185,Alec Pierce,IND,WR,23,17,16,0,0,0,0,0,0,0,,0,65,32,514,16.06,2,0,0,2,,,63,95.4,98.4,79.4,,68,,65,514,944,5677,37,0.07,0.09,0.05
186,Nelson Agholor,BAL,WR,30,17,3,0,0,0,0,0,0,0,,0,45,35,381,10.89,4,1,0,4,,,62,97.1,100.1,79.6,,71,,45,381,850,5635,54,0.05,0.07,0.07
187,Tyler Conklin,NYJ,TE,28,17,12,0,0,0,0,0,1,0,0,0,87,61,621,10.18,0,0,0,0,,,62,123.1,126.1,92.6,,21,,88,621,778,4339,19,0.11,0.14,0.00
188,Tyler Higbee,LAR,TE,30,15,15,0,0,0,0,0,0,0,,0,70,47,495,10.53,2,0,0,2,,,62,108.5,111.5,85,,22,,70,495,953,6064,43,0.07,0.08,0.05
189,Kalif Raymond,DET,WR,29,17,3,0,0,0,0,0,7,75,10.71,0,44,35,489,13.97,1,1,0,1,,,62,97.4,100.4,79.9,,70,,51,564,1025,6794,57,0.05,0.08,0.02
190,Justin Watson,KAN,WR,27,16,8,0,0,0,0,0,0,0,,0,53,27,460,17.04,3,1,1,3,,,62,89,93,75.5,,72,,53,460,911,5612,37,0.06,0.08,0.08
191,Juwan Johnson,NOR,TE,27,13,11,0,0,0,0,0,0,0,,0,59,37,368,9.95,4,0,0,4,,,61,97.8,100.8,79.3,,24,,59,368,988,5818,40,0.06,0.06,0.10
192,Keaton Mitchell,BAL,RB,21,8,2,0,0,0,0,0,47,396,8.43,2,11,9,93,10.33,0,0,0,2,,,61,69.9,72.9,65.4,,54,,58,489,850,5635,54,0.07,0.09,0.04
193,Demarcus Robinson,LAR,WR,29,16,4,0,0,0,0,0,1,23,23,0,39,26,371,14.27,4,2,1,4,,,61,87.4,91.4,74.4,,73,,40,394,953,6064,43,0.04,0.06,0.09
194,Miles Sanders,CAR,RB,26,16,5,0,0,0,0,0,129,432,3.35,1,41,27,154,5.7,0,2,2,1,,,61,87.6,95.6,74.1,,55,,170,586,935,4758,21,0.18,0.12,0.05
195,Darren Waller,NYG,TE,31,12,11,0,0,0,0,0,0,0,,0,74,52,552,10.62,1,0,0,1,,,61,113.2,116.2,87.2,,23,,74,552,823,4625,25,0.09,0.12,0.04
196,Gerald Everett,LAC,TE,29,15,12,0,0,0,0,0,3,10,3.33,0,70,51,411,8.06,3,3,0,3,,,60,111.1,114.1,85.6,,25,,73,421,1035,5806,38,0.07,0.07,0.08
197,Jerick McKinnon,KAN,RB,31,12,0,1,1,4,1,0,21,60,2.86,1,32,25,192,7.68,4,0,0,5,,,59,84.4,87.4,71.9,,56,,53,252,911,5612,37,0.06,0.04,0.14
198,Chigoziem Okonkwo,TEN,TE,24,17,11,0,0,0,0,0,2,6,3,0,77,54,528,9.78,1,0,0,1,,,59,113.4,116.4,86.4,,26,,79,534,868,5210,29,0.09,0.10,0.03
199,Zamir White,LVR,RB,24,17,4,0,0,0,0,0,104,451,4.34,1,19,15,98,6.53,0,1,1,1,,,59,73.9,77.9,66.4,,57,,123,549,903,5152,31,0.14,0.11,0.03
200,Demario Douglas,NWE,WR,23,14,7,0,0,0,0,0,8,41,5.13,0,79,49,561,11.45,0,3,1,0,,,58,107.2,111.2,82.7,,74,,87,602,913,4837,26,0.10,0.12,0.00
202,Trey Palmer,TAM,WR,22,17,8,0,0,0,0,0,3,22,7.33,0,68,39,385,9.87,3,3,1,3,,,57,95.7,99.7,76.2,,76,,71,407,924,5404,36,0.08,0.08,0.08
203,Nick Westbrook-Ikhine,TEN,WR,26,14,9,0,0,0,0,0,0,0,,0,45,28,370,13.21,3,0,0,3,1,,57,85,88,71,,75,,45,370,868,5210,29,0.05,0.07,0.10
204,Quentin Johnston,LAC,WR,22,17,10,0,0,0,0,0,3,9,3,0,67,38,431,11.34,2,0,0,2,,,56,94,97,75,,78,,70,440,1035,5806,38,0.07,0.08,0.05
205,Jameson Williams,DET,WR,22,12,10,0,0,0,0,0,3,29,9.67,1,42,24,354,14.75,2,1,0,3,,,56,80.3,83.3,68.3,,77,,45,383,1025,6794,57,0.04,0.06,0.05
206,Michael Gallup,DAL,WR,27,17,13,0,0,0,0,0,0,0,,0,57,34,418,12.29,2,0,0,2,,,54,87.8,90.8,70.8,,80,,57,418,1004,6343,50,0.06,0.07,0.04
207,Brandon Johnson,DEN,WR,25,13,2,0,0,0,0,0,0,0,,0,30,19,284,14.95,4,0,0,4,1,,54,73.4,76.4,63.9,,79,,30,284,836,5027,37,0.04,0.06,0.11
208,Joshua Kelley,LAC,RB,26,17,3,0,0,0,0,0,107,405,3.79,2,12,8,32,4,0,1,1,2,,,54,61.7,65.7,57.7,,58,,119,437,1035,5806,38,0.11,0.08,0.05
210,Clyde Edwards-Helaire,KAN,RB,24,15,3,0,0,0,0,0,70,223,3.19,1,22,17,188,11.06,1,0,0,2,,,53,70.1,76.1,61.6,,59,,92,411,911,5612,37,0.10,0.07,0.05
211,Donald Parham,LAC,TE,26,14,8,0,0,0,0,0,0,0,,0,41,27,285,10.56,4,0,0,4,,,53,79.5,82.5,66,,27,,41,285,1035,5806,38,0.04,0.05,0.11
212,Tre Tucker,LVR,WR,22,16,1,0,0,0,0,0,10,77,7.7,0,34,19,331,17.42,2,0,0,2,,,53,71.8,74.8,62.3,,81,,44,408,903,5152,31,0.05,0.08,0.06
213,Emari Demercado,ARI,RB,24,14,2,0,0,0,0,0,58,284,4.9,2,30,21,119,5.67,0,0,0,2,,,52,73.3,79.3,62.8,,60,,88,403,868,5028,31,0.10,0.08,0.06
214,Michael Thomas,NOR,WR,30,10,7,0,0,0,0,0,0,0,,0,64,39,448,11.49,1,0,0,1,,,51,89.8,92.8,70.3,,82,,64,448,988,5818,40,0.06,0.08,0.03
215,Marvin Mims,DEN,WR,21,16,7,0,0,0,0,0,9,30,3.33,0,33,22,377,17.14,1,2,2,2,,,49,70.7,75.7,59.7,,84,,42,407,836,5027,37,0.05,0.08,0.05
216,A.T. Perry,NOR,WR,24,10,3,0,0,0,0,0,0,0,,0,18,12,246,20.5,4,0,0,4,,,49,60.6,63.6,54.6,,85,,18,246,988,5818,40,0.02,0.04,0.10
218,Robert Woods,HOU,WR,31,14,11,0,0,0,0,0,1,7,7,0,75,40,426,10.65,1,0,0,1,,,49,89.3,92.3,69.3,,83,,76,433,948,5996,39,0.08,0.07,0.03
219,Tucker Kraft,GNB,TE,23,17,8,0,0,0,0,0,0,0,,0,40,31,355,11.45,2,0,0,2,,,48,78.5,81.5,63,,28,,40,355,945,5859,42,0.04,0.06,0.05
220,Darnell Mooney,CHI,WR,26,15,14,0,0,0,0,0,2,5,2.5,0,61,31,414,13.35,1,0,0,1,,,48,78.9,81.9,63.4,,86,,63,419,802,4855,33,0.08,0.09,0.03
221,KaVontae Turpin,DAL,WR,27,16,0,0,0,0,0,0,11,110,10,1,18,12,127,10.58,3,1,0,4,,,48,59.7,65.7,53.7,,87,,29,237,1004,6343,50,0.03,0.04,0.08
222,Cedrick Wilson Jr.,MIA,WR,28,15,3,0,0,0,0,0,0,0,,0,38,22,296,13.45,3,0,0,3,,,48,69.6,72.6,58.6,,88,,38,296,953,6899,57,0.04,0.04,0.05
223,Chris Moore,TEN,WR,30,17,5,0,0,0,0,0,2,39,19.5,0,35,22,424,19.27,0,1,0,0,,,46,68.3,71.3,57.3,,89,,37,463,868,5210,29,0.04,0.09,0.00
224,Rashod Bateman,BAL,WR,24,16,12,0,0,0,0,0,1,18,18,0,56,32,367,11.47,1,0,0,1,,,45,76.5,79.5,60.5,,90,,57,385,850,5635,54,0.07,0.07,0.02
225,Royce Freeman,LAR,RB,27,14,0,0,0,0,0,0,77,319,4.14,2,2,1,13,13,0,0,0,2,,,45,46.2,49.2,45.7,,61,,79,332,953,6064,43,0.08,0.05,0.05
226,Pat Freiermuth,PIT,TE,25,12,9,0,0,0,0,0,0,0,,0,47,32,308,9.63,2,0,0,2,1,,45,76.8,79.8,60.8,,29,,47,308,900,5315,29,0.05,0.06,0.07
227,Zay Jones,JAX,WR,28,9,7,0,0,0,0,0,0,0,,0,64,34,321,9.44,2,0,0,2,,,44,78.1,81.1,61.1,,91,,64,321,977,5652,39,0.07,0.06,0.05
228,Michael Mayer,LVR,TE,22,14,12,0,0,0,0,0,0,0,,0,40,27,304,11.26,2,0,0,2,1,,44,71.4,74.4,57.9,,30,,40,304,903,5152,31,0.04,0.06,0.06
229,Kylen Granson,IND,TE,25,15,7,0,0,0,0,0,1,2,2,0,50,30,368,12.27,1,0,0,1,,,43,73,76,58,,31,,51,370,944,5677,37,0.05,0.07,0.03
230,Noah Gray,KAN,TE,24,17,10,0,0,0,0,0,1,1,1,0,41,28,305,10.89,2,0,0,2,,,43,70.6,73.6,56.6,,32,,42,306,911,5612,37,0.05,0.05,0.05
231,Jamaal Williams,NOR,RB,28,13,4,0,0,0,0,0,106,306,2.89,1,20,18,62,3.44,0,1,0,1,,,43,60.8,63.8,51.8,,62,,126,368,988,5818,40,0.13,0.06,0.03
232,Jordan Mason,SFO,RB,24,17,0,0,0,0,0,0,40,206,5.15,3,4,3,31,10.33,0,0,0,3,,,42,44.7,47.7,43.2,,63,,44,237,910,6807,60,0.05,0.03,0.05
233,Jonathan Mingo,CAR,WR,22,15,14,0,0,0,0,0,0,0,,0,85,43,418,9.72,0,1,0,0,,,42,84.8,87.8,63.3,,92,,85,418,935,4758,21,0.09,0.09,0.00
234,Elijah Mitchell,SFO,RB,25,11,1,0,0,0,0,0,75,281,3.75,2,8,6,14,2.33,0,0,0,2,,,42,47.5,50.5,44.5,,64,,83,295,910,6807,60,0.09,0.04,0.03
235,Greg Dortch,ARI,WR,25,16,4,0,0,0,0,0,1,5,5,0,41,24,280,11.67,2,0,0,2,,,41,64.5,67.5,52.5,,93,,42,285,868,5028,31,0.05,0.06,0.06
236,Noah Fant,SEA,TE,26,17,17,0,0,0,0,0,0,0,,0,43,32,414,12.94,0,0,0,0,,,41,73.4,76.4,57.4,,33,,43,414,886,5580,34,0.05,0.07,0.00
237,Tanner Hudson,CIN,TE,29,12,1,0,0,0,0,0,0,0,,0,50,39,352,9.03,1,0,0,1,,,41,80.2,83.2,60.7,,34,,50,352,914,5574,40,0.05,0.06,0.03
238,Luke Musgrave,GNB,TE,23,11,9,0,0,0,0,0,0,0,,0,46,34,352,10.35,1,0,0,1,,,41,75.2,78.2,58.2,,35,,46,352,945,5859,42,0.05,0.06,0.02
239,Chase Brown,CIN,RB,23,12,0,0,0,0,0,0,44,179,4.07,0,15,14,156,11.14,1,1,0,1,,,40,53.5,59.5,46.5,,65,,59,335,914,5574,40,0.06,0.06,0.03
241,Isaiah Hodgins,NYG,WR,25,17,9,0,0,0,0,0,0,0,,0,33,21,230,10.95,3,1,1,3,,,39,60,64,49.5,,95,,33,230,823,4625,25,0.04,0.05,0.12
242,DeVante Parker,NWE,WR,30,13,13,0,0,0,0,0,0,0,,0,55,33,394,11.94,0,0,0,0,,,39,72.4,75.4,55.9,,94,,55,394,913,4837,26,0.06,0.08,0.00
243,Jake Bobo,SEA,WR,25,17,0,0,0,0,0,0,1,3,3,1,25,19,196,10.32,2,0,0,3,,,38,56.9,59.9,47.4,,97,,26,199,886,5580,34,0.03,0.04,0.09
244,Xavier Gipson,NYJ,WR,22,17,3,0,0,0,0,0,8,68,8.5,1,38,21,229,10.9,0,5,2,2,,,38,58.7,63.7,48.2,,98,,46,297,778,4339,19,0.06,0.07,0.11
245,Trenton Irwin,CIN,WR,28,16,5,0,0,0,0,0,0,0,,0,32,25,316,12.64,1,2,0,1,,,38,62.6,65.6,50.1,,99,,32,316,914,5574,40,0.04,0.06,0.03
246,Brandon Powell,MIN,WR,28,17,2,0,0,0,0,0,5,17,3.4,0,44,29,324,11.17,1,1,1,1,,,38,67.1,71.1,52.6,,96,,49,341,889,5818,33,0.06,0.06,0.03
247,Pierre Strong,CLE,RB,25,17,1,0,0,0,0,0,63,291,4.62,1,8,5,47,9.4,0,1,1,1,,,38,42.8,46.8,40.3,,66,,71,338,1023,5659,39,0.07,0.06,0.03
248,Adam Trautman,DEN,TE,26,17,12,0,0,0,0,0,0,0,,0,35,22,204,9.27,3,0,0,3,,,38,60.4,63.4,49.4,,36,,35,204,836,5027,37,0.04,0.04,0.08
249,Jalin Hyatt,NYG,WR,22,17,7,0,0,0,0,0,0,0,,0,40,23,373,16.22,0,1,0,0,,,37,60.3,63.3,48.8,,100,,40,373,823,4625,25,0.05,0.08,0.00
250,Allen Lazard,NYJ,WR,28,14,12,0,0,0,0,0,0,0,,0,49,23,311,13.52,1,0,0,1,,,37,60.1,63.1,48.6,,101,,49,311,778,4339,19,0.06,0.07,0.05
251,Colby Parkinson,SEA,TE,24,17,1,0,0,0,0,0,0,0,,0,34,25,247,9.88,2,0,0,2,,,37,61.7,64.7,49.2,,38,,34,247,886,5580,34,0.04,0.04,0.06
252,Durham Smythe,MIA,TE,28,16,14,0,0,0,0,0,0,0,,0,43,35,366,10.46,0,0,0,0,,,37,71.6,74.6,54.1,,39,,43,366,953,6899,57,0.05,0.05,0.00
253,Jalen Tolbert,DAL,WR,24,17,6,0,0,0,0,0,0,0,,0,36,22,268,12.18,2,1,1,2,,,37,58.8,62.8,47.8,,102,,36,268,1004,6343,50,0.04,0.04,0.04
254,Tommy Tremble,CAR,TE,23,16,8,0,0,0,0,0,0,0,,0,32,23,194,8.43,3,0,0,3,,,37,60.4,63.4,48.9,,37,,32,194,935,4758,21,0.03,0.04,0.14
255,Cam Akers,LAC,RB,24,7,1,0,0,0,0,0,60,167,2.78,2,12,11,70,6.36,0,0,0,2,,,36,46.7,49.7,41.2,,68,,72,237,1035,5806,38,0.07,0.04,0.05
256,Mo Alie-Cox,IND,TE,30,17,7,0,0,0,0,0,0,0,,0,22,13,161,12.38,3,0,0,3,1,,36,49.1,52.1,42.6,,41,,22,161,944,5677,37,0.02,0.03,0.08
257,Calvin Austin III,PIT,WR,24,17,1,0,0,0,0,0,11,57,5.18,1,30,17,180,10.59,1,2,0,2,,,36,52.7,55.7,44.2,,103,,41,237,900,5315,29,0.05,0.04,0.07
258,Mike Gesicki,NWE,TE,28,17,10,0,0,0,0,0,0,0,,0,45,29,244,8.41,2,0,0,2,,,36,65.4,68.4,50.9,,40,,45,244,913,4837,26,0.05,0.05,0.08
259,Andrei Iosivas,CIN,WR,24,16,1,0,0,0,0,0,0,0,,0,25,15,116,7.73,4,0,0,4,,,36,50.6,53.6,43.1,,104,,25,116,914,5574,40,0.03,0.02,0.10
260,Chris Rodriguez,WAS,RB,23,13,0,0,0,0,0,0,51,247,4.84,2,2,2,12,6,0,1,1,2,,,36,37.9,41.9,36.9,,67,,53,259,905,5482,39,0.06,0.05,0.05
261,Marquez Valdes-Scantling,KAN,WR,29,16,10,0,0,0,0,0,0,0,,0,42,21,315,15,1,1,1,1,,,36,56.5,60.5,46,,105,,42,315,911,5612,37,0.05,0.06,0.03
262,David Bell,CLE,WR,23,15,3,0,0,0,0,0,0,0,,0,23,14,167,11.93,3,0,0,3,,,35,48.7,51.7,41.7,,106,,23,167,1023,5659,39,0.02,0.03,0.08
,,,,,,,,,,,,,,,,,,,,,,,,,,,,,,,,,,,,,,,,
264,Darrell Henderson,LAR,RB,26,4,4,0,0,0,0,0,46,112,2.43,2,14,10,103,10.3,0,0,0,2,,,34,43.5,49.5,38.5,,70,,60,215,953,6064,43,0.06,0.04,0.05
265,Lil'Jordan Humphrey,DEN,WR,25,17,8,0,0,0,0,0,0,0,,0,19,13,162,12.46,3,0,0,3,,,34,47.2,50.2,40.7,,107,,19,162,836,5027,37,0.02,0.03,0.08
266,Brevin Jordan,HOU,TE,23,14,6,0,0,0,0,0,0,0,,0,21,17,219,12.88,2,0,0,2,,,34,50.9,53.9,42.4,,42,,21,219,948,5996,39,0.02,0.04,0.05
267,Jauan Jennings,SFO,WR,26,13,2,0,0,0,0,0,0,0,,0,33,19,265,13.95,1,0,0,1,,,33,51.5,54.5,42,,109,,33,265,910,6807,60,0.04,0.04,0.02
268,Dawson Knox,BUF,TE,27,12,11,0,0,0,0,0,0,0,,0,36,22,186,8.45,2,0,0,2,1,,33,54.6,57.6,43.6,,43,,36,186,932,6004,52,0.04,0.03,0.04
269,Kendre Miller,NOR,RB,21,8,0,0,0,0,0,0,41,156,3.8,1,11,10,117,11.7,0,0,0,1,,,33,43.3,49.3,38.3,,71,,52,273,988,5818,40,0.05,0.05,0.03
270,Skyy Moore,KAN,WR,23,14,8,0,0,0,0,0,3,23,7.67,0,38,21,244,11.62,1,0,0,1,,,33,53.7,56.7,43.2,,108,,41,267,911,5612,37,0.05,0.05,0.03
271,JuJu Smith-Schuster,NWE,WR,27,11,7,0,0,0,0,0,0,0,,0,47,29,260,8.97,1,0,0,1,,,32,61,64,46.5,,110,,47,260,913,4837,26,0.05,0.05,0.04
272,Braxton Berrios,MIA,WR,28,16,1,0,0,0,0,0,1,11,11,0,33,27,238,8.81,1,1,0,1,,,31,57.9,60.9,44.4,,112,,34,249,953,6899,57,0.04,0.04,0.02
273,Josh Oliver,MIN,TE,26,17,14,0,0,0,0,0,0,0,,0,28,22,213,9.68,2,1,1,2,,,31,53.3,57.3,42.3,,44,,28,213,889,5818,33,0.03,0.04,0.06
274,Mike Williams,LAC,WR,29,3,3,0,0,0,0,0,1,3,3,0,26,19,249,13.11,1,0,0,1,,,31,50.2,53.2,40.7,,111,,27,252,1035,5806,38,0.03,0.04,0.03
275,Matt Breida,NYG,RB,28,17,4,0,0,0,0,0,55,151,2.75,1,21,17,88,5.18,0,1,0,1,,,30,46.9,49.9,38.4,,72,,76,239,823,4625,25,0.09,0.05,0.04
276,Bo Melton,GNB,WR,24,5,1,0,0,0,0,0,3,21,7,0,24,16,218,13.63,1,0,0,1,,,30,45.9,48.9,37.9,,113,,27,239,945,5859,42,0.03,0.04,0.02
277,Alex Erickson,LAC,WR,31,8,3,0,0,0,0,0,0,0,,0,29,16,232,14.5,1,0,0,1,,,29,45.2,48.2,37.2,,114,,29,232,1035,5806,38,0.03,0.04,0.03
279,Andrew Beck,HOU,FB,27,15,12,0,0,0,0,0,5,3,0.6,1,13,11,55,5,2,1,1,4,,,28,38.8,39.8,33.3,,74,,18,58,948,5996,39,0.02,0.01,0.10
280,Jimmy Graham,NOR,TE,37,13,2,0,0,0,0,0,0,0,,0,7,6,39,6.5,4,0,0,4,,,28,33.9,33.9,30.9,,46,,7,39,988,5818,40,0.01,0.01,0.10
281,Scott Miller,ATL,WR,26,17,0,0,0,0,0,0,0,0,,0,16,11,161,14.64,2,0,0,2,,,28,39.1,42.1,33.6,,116,,16,161,930,5516,31,0.02,0.03,0.06
282,Cordarrelle Patterson,ATL,RB,32,14,0,0,0,0,0,0,50,181,3.62,0,12,9,38,4.22,1,1,0,1,,,28,36.9,39.9,32.4,,73,,62,219,930,5516,31,0.07,0.04,0.03
283,Allen Robinson,PIT,WR,30,17,17,0,0,0,0,0,0,0,,0,49,34,280,8.24,0,0,0,0,,,28,62,65,45,,117,,49,280,900,5315,29,0.05,0.05,0.00
284,Drew Sample,CIN,TE,27,17,10,0,0,0,0,0,0,0,,0,27,22,163,7.41,2,0,0,2,,,28,50.3,53.3,39.3,,45,,27,163,914,5574,40,0.03,0.03,0.05
285,Olamide Zaccheaus,PHI,WR,26,17,1,0,0,0,0,0,0,0,,0,20,10,164,16.4,2,0,0,2,,,28,38.4,41.4,33.4,,115,,20,164,869,5600,46,0.02,0.03,0.04
286,Salvon Ahmed,MIA,RB,25,8,0,0,0,0,0,0,22,61,2.77,1,23,16,88,5.5,1,0,0,2,,,27,42.9,42.9,34.9,,76,,45,149,953,6899,57,0.05,0.02,0.04
287,Andrew Ogletree,IND,TE,25,12,9,0,0,0,0,0,0,0,,0,21,9,147,16.33,2,0,0,2,,,27,35.7,38.7,31.2,,47,,21,147,944,5677,37,0.02,0.03,0.05
290,Jeff Wilson,MIA,RB,28,10,0,0,0,0,0,0,41,188,4.59,0,17,14,85,6.07,0,0,0,0,,,27,41.3,44.3,34.3,,75,,58,273,953,6899,57,0.06,0.04,0.00
291,Jamal Agnew,JAX,WR,28,11,1,0,0,0,0,0,4,-2,-0.5,0,21,14,225,16.07,1,1,1,1,,,26,40.3,44.3,33.3,,118,,25,223,977,5652,39,0.03,0.04,0.03
292,Daniel Bellinger,NYG,TE,23,17,13,0,0,0,0,0,0,0,,0,28,25,255,10.2,0,0,0,0,,,26,50.5,53.5,38,,48,,28,255,823,4625,25,0.03,0.06,0.00
293,Chase Edmonds,TAM,RB,27,13,0,0,0,0,0,0,49,176,3.59,0,17,14,81,5.79,0,0,0,0,,,26,39.7,42.7,32.7,,77,,66,257,924,5404,36,0.07,0.05,0.00
295,Kadarius Toney,KAN,WR,24,13,2,0,1,0,0,0,11,31,2.82,0,38,27,169,6.26,1,1,0,1,,,26,53,56,39.5,,119,,49,200,911,5612,37,0.05,0.04,0.03
297,Ronnie Bell,SFO,WR,23,17,0,0,0,0,0,0,0,0,,0,13,6,68,11.33,3,1,0,3,,,25,30.8,30.8,27.8,,123,,13,68,910,6807,60,0.01,0.01,0.05
298,Pharaoh Brown,NWE,TE,29,17,11,0,0,0,0,0,0,0,,0,15,13,208,16,1,1,1,1,,,25,37.8,41.8,31.3,,51,,15,208,913,4837,26,0.02,0.04,0.04
299,Harrison Bryant,CLE,TE,25,17,9,0,0,0,0,0,5,8,1.6,0,20,13,81,6.23,3,1,1,3,,,25,37.9,38.9,31.4,,50,,25,89,1023,5659,39,0.02,0.02,0.08
,,,,,,,,,,,,,,,,,,,,,,,,,,,,,,,,,,,,,,,,
301,Zach Ertz,ARI,TE,33,7,7,0,0,0,0,0,0,0,,0,43,27,187,6.93,1,0,0,1,,,25,51.7,54.7,38.2,,52,,43,187,868,5028,31,0.05,0.04,0.03
302,Deonte Harty,BUF,WR,26,16,1,0,0,0,0,0,4,0,0,0,21,15,150,10,1,2,1,2,,,25,40,44,32.5,,122,,25,150,932,6004,52,0.03,0.02,0.04
303,Mack Hollins,ATL,WR,30,13,3,0,0,0,0,0,0,0,,0,30,18,251,13.94,0,0,0,0,,,25,43.1,46.1,34.1,,121,,30,251,930,5516,31,0.03,0.05,0.00
304,D'Ernest Johnson,JAX,RB,27,17,0,0,0,0,0,0,41,108,2.63,0,12,10,140,14,0,0,0,0,,,25,34.8,40.8,29.8,,81,,53,248,977,5652,39,0.05,0.04,0.00
305,Ty Johnson,BUF,RB,26,10,0,0,0,0,0,0,30,132,4.4,0,7,7,62,8.86,1,1,0,1,,,25,32.4,35.4,28.9,,78,,37,194,932,6004,52,0.04,0.03,0.02
306,Julio Jones,PHI,WR,34,11,4,0,0,0,0,0,0,0,,0,19,11,74,6.73,3,0,0,3,,,25,36.4,36.4,30.9,,120,,19,74,869,5600,46,0.02,0.01,0.07
,,,,,,,,,,,,,,,,,,,,,,,,,,,,,,,,,,,,,,,,
308,Kyle Juszczyk,SFO,FB,32,17,16,0,0,0,0,0,5,6,1.2,0,17,14,119,8.5,2,0,0,2,,,25,38.5,41.5,31.5,,83,,22,125,910,6807,60,0.02,0.02,0.03
309,Foster Moreau,NOR,TE,26,15,10,0,0,0,0,0,0,0,,0,25,21,193,9.19,1,0,0,1,,,25,46.3,49.3,35.8,,49,,25,193,988,5818,40,0.03,0.03,0.03
310,Craig Reynolds,DET,RB,27,17,0,0,0,0,0,0,41,179,4.37,1,5,5,47,9.4,0,2,2,1,,,25,29.6,34.6,27.1,,82,,46,226,1025,6794,57,0.04,0.03,0.02
311,Ihmir Smith-Marsette,CAR,WR,24,17,0,0,0,0,0,0,8,74,9.25,1,10,8,51,6.38,0,2,0,2,,,25,32.5,32.5,28.5,,124,,18,125,935,4758,21,0.02,0.03,0.10
312,Treylon Burks,TEN,WR,23,11,9,0,0,0,0,0,5,18,3.6,0,30,16,221,13.81,0,0,0,0,,,24,39.9,42.9,31.9,,125,,35,239,868,5210,29,0.04,0.05,0.00
314,Hayden Hurst,CAR,TE,30,9,8,0,0,0,0,0,0,0,,0,32,18,184,10.22,1,0,0,1,,,24,42.4,45.4,33.4,,53,,32,184,935,4758,21,0.03,0.04,0.05
315,Hunter Renfrow,LVR,WR,28,17,3,0,0,0,0,0,0,0,,0,37,25,255,10.2,0,1,1,0,,,24,48.5,52.5,36,,126,,37,255,903,5152,31,0.04,0.05,0.00
317,Dyami Brown,WAS,WR,24,17,1,1,1,4,0,0,1,0,0,0,23,12,168,14,1,0,0,1,,,23,35,38,29,,130,,24,168,905,5482,39,0.03,0.03,0.03
319,Will Dissly,SEA,TE,27,16,14,0,0,0,0,0,0,0,,0,22,17,172,10.12,1,0,0,1,,,23,40.2,43.2,31.7,,55,,22,172,886,5580,34,0.02,0.03,0.03
,,,,,,,,,,,,,,,,,,,,,,,,,,,,,,,,,,,,,,,,
321,KhaDarel Hodge,ATL,WR,28,17,4,0,0,0,0,0,1,0,0,0,23,14,232,16.57,0,1,0,0,,,23,37.2,40.2,30.2,,127,,24,232,930,5516,31,0.03,0.04,0.00
322,Austin Hooper,LVR,TE,29,17,9,0,0,0,0,0,0,0,,0,31,25,234,9.36,0,0,0,0,,,23,48.4,51.4,35.9,,54,,31,234,903,5152,31,0.03,0.05,0.00
323,Johnny Mundt,MIN,TE,29,17,0,0,0,0,0,0,0,0,,0,23,17,172,10.12,1,0,0,1,,,23,40.2,43.2,31.7,,56,,23,172,889,5818,33,0.03,0.03,0.03
324,Cedric Tillman,CLE,WR,23,14,3,0,0,0,0,0,1,8,8,0,44,21,224,10.67,0,0,0,0,,,23,44.2,47.2,33.7,,128,,45,232,1023,5659,39,0.04,0.04,0.00
325,Parker Washington,JAX,WR,21,9,1,0,0,0,0,0,0,0,,0,21,16,132,8.25,2,2,1,2,,,23,39.2,43.2,31.2,,129,,21,132,977,5652,39,0.02,0.02,0.05
326,Ameer Abdullah,LVR,RB,30,17,0,0,0,0,0,0,15,89,5.93,0,24,19,131,6.89,0,0,0,0,,,22,41,44,31.5,,85,,39,220,903,5152,31,0.04,0.04,0.00
327,Tank Bigsby,JAX,RB,22,17,0,0,0,0,0,0,50,132,2.64,2,4,1,6,6,0,2,2,2,,,22,22.8,27.8,22.3,,86,,54,138,977,5652,39,0.06,0.02,0.05
328,Elijah Higgins,ARI,TE,23,11,2,0,0,0,0,0,0,0,,0,19,14,163,11.64,1,0,0,1,,,22,36.3,39.3,29.3,,57,,19,163,868,5028,31,0.02,0.03,0.03
329,Jalen Reagor,NWE,WR,24,11,1,0,0,0,0,0,1,17,17,0,23,7,138,19.71,0,0,0,1,,,22,28.5,31.5,25,,131,,24,155,913,4837,26,0.03,0.03,0.04
330,Stone Smartt,LAC,TE,25,16,3,0,0,0,0,0,0,0,,0,21,11,155,14.09,1,0,0,1,,,22,32.5,35.5,27,,58,,21,155,1035,5806,38,0.02,0.03,0.03
333,Derius Davis,LAC,WR,23,17,2,0,0,0,0,0,14,101,7.21,0,17,15,66,4.4,0,3,1,1,,,21,35.7,39.7,28.2,,133,,31,167,1035,5806,38,0.03,0.03,0.03
,,,,,,,,,,,,,,,,,,,,,,,,,,,,,,,,,,,,,,,,
335,Will Mallory,IND,TE,24,12,2,0,0,0,0,0,0,0,,0,26,18,207,11.5,0,1,0,0,,,21,38.7,41.7,29.7,,59,,26,207,944,5677,37,0.03,0.04,0.00
336,Jamison Crowder,WAS,WR,30,17,0,0,0,0,0,0,0,0,,0,20,16,159,9.94,1,2,1,1,,,20,35.9,39.9,27.9,,135,,20,159,905,5482,39,0.02,0.03,0.03
338,Quez Watkins,PHI,WR,25,9,5,0,0,0,0,0,0,0,,0,21,15,142,9.47,1,0,0,1,,,20,35.2,38.2,27.7,,134,,21,142,869,5600,46,0.02,0.03,0.02
339,Robbie Chosen,MIA,WR,30,9,0,0,0,0,0,0,0,0,,0,6,4,126,31.5,1,0,0,1,,,19,22.6,25.6,20.6,,137,,6,126,953,6899,57,0.01,0.02,0.02
340,Nick Chubb,CLE,RB,28,2,2,0,0,0,0,0,28,170,6.07,0,4,4,21,5.25,0,0,0,0,,,19,23.1,26.1,21.1,,87,,32,191,1023,5659,39,0.03,0.03,0.00
341,Malik Heath,GNB,WR,23,13,1,0,0,0,0,0,0,0,,0,24,15,125,8.33,1,0,0,1,,,19,33.5,36.5,26,,138,,24,125,945,5859,42,0.03,0.02,0.02
342,Luke Schoonmaker,DAL,TE,25,17,0,0,0,0,0,0,0,0,,0,15,8,65,8.13,2,0,0,2,,,19,26.5,26.5,22.5,,60,,15,65,1004,6343,50,0.01,0.01,0.04
343,Tyler Scott,CHI,WR,22,17,4,0,0,0,0,0,7,41,5.86,0,32,17,168,9.88,0,1,1,0,,,19,35.9,39.9,27.4,,136,,39,209,802,4855,33,0.05,0.04,0.00
344,Patrick Taylor,GNB,RB,25,11,0,0,0,0,0,0,32,141,4.41,0,17,11,49,4.45,0,0,0,0,,,19,30,33,24.5,,88,,49,190,945,5859,42,0.05,0.03,0.00
345,River Cracraft,MIA,WR,29,10,1,0,0,0,0,0,0,0,,0,12,9,121,13.44,1,0,0,1,,,18,27.1,30.1,22.6,,139,,12,121,953,6899,57,0.01,0.02,0.02
346,Kevin Harris,NWE,RB,23,4,0,0,0,0,0,0,16,65,4.06,1,3,3,58,19.33,0,0,0,1,,,18,21.3,21.3,19.8,,89,,19,123,913,4837,26,0.02,0.03,0.04
348,Deven Thompkins,TAM,WR,24,17,1,0,0,0,0,0,8,56,7,0,25,17,83,4.88,1,3,1,1,,,18,34.9,35.9,26.4,,140,,33,139,924,5404,36,0.04,0.03,0.03
349,Melvin Gordon,BAL,RB,30,4,0,0,0,0,0,0,26,81,3.12,1,3,3,46,15.33,0,1,1,1,,,17,19.7,20.7,18.2,,92,,29,127,850,5635,54,0.03,0.02,0.02
350,Damien Harris,BUF,RB,26,6,0,0,0,0,0,0,23,94,4.09,1,2,2,16,8,0,0,0,1,,,17,19,19,18,,91,,25,110,932,6004,52,0.03,0.02,0.02
351,Connor Heyward,PIT,TE,24,17,7,0,1,0,0,0,1,0,0,0,34,23,167,7.26,0,0,0,0,,,17,39.7,42.7,28.2,,62,,35,167,900,5315,29,0.04,0.03,0.00
352,Ray-Ray McCloud,SFO,WR,27,12,1,0,0,0,0,0,3,30,10,0,15,12,135,11.25,0,1,0,0,,,17,28.5,31.5,22.5,,141,,18,165,910,6807,60,0.02,0.02,0.00
353,MyCole Pruitt,ATL,TE,31,17,8,0,0,0,0,0,0,0,,0,12,9,110,12.22,1,1,0,1,,,17,26,29,21.5,,61,,12,110,930,5516,31,0.01,0.02,0.03
354,Trey Sermon,IND,RB,24,14,0,0,0,0,0,0,35,160,4.57,0,6,3,13,4.33,0,0,0,0,,,17,20.3,23.3,18.8,,90,,41,173,944,5677,37,0.04,0.03,0.00
355,Davis Allen,LAR,TE,22,15,1,0,0,0,0,0,0,0,,0,11,10,95,9.5,1,0,0,1,,,16,25.5,25.5,20.5,,63,,11,95,953,6064,43,0.01,0.02,0.02
356,Luke Farrell,JAX,TE,26,17,8,0,0,0,0,0,0,0,,0,15,13,155,11.92,0,0,0,0,,,16,28.5,31.5,22,,64,,15,155,977,5652,39,0.02,0.03,0.00
357,Lucas Krull,DEN,TE,25,7,2,0,0,0,0,0,0,0,,0,14,8,95,11.88,1,0,0,1,,,16,23.5,23.5,19.5,,65,,14,95,836,5027,37,0.02,0.02,0.03
358,John Metchie,HOU,WR,23,16,0,0,0,0,0,0,1,4,4,0,30,16,158,9.88,0,0,0,0,,,16,32.2,35.2,24.2,,142,,31,162,948,5996,39,0.03,0.03,0.00
,,,,,,,,,,,,,,,,,,,,,,,,,,,,,,,,,,,,,,,,
360,Kyle Philips,TEN,WR,24,9,0,0,0,0,0,0,0,0,,0,22,15,181,12.07,0,1,1,0,,,16,31.1,35.1,23.6,,143,,22,181,868,5210,29,0.03,0.03,0.00
361,Irv Smith Jr.,CIN,TE,25,12,6,0,0,0,0,0,0,0,,0,26,18,115,6.39,1,1,1,1,,,16,33.5,37.5,24.5,,66,,26,115,914,5574,40,0.03,0.02,0.03
362,John Bates,WAS,TE,26,17,4,0,0,0,0,0,0,0,,0,28,19,151,7.95,0,0,0,0,,,15,34.1,37.1,24.6,,68,,28,151,905,5482,39,0.03,0.03,0.00
363,Jalen Guyton,LAC,WR,26,8,3,0,0,0,0,0,0,0,,0,21,10,89,8.9,1,0,0,1,,,15,24.9,24.9,19.9,,146,,21,89,1035,5806,38,0.02,0.02,0.03
364,Charlie Kolar,BAL,TE,24,15,3,0,0,0,0,0,0,0,,0,9,7,87,12.43,1,0,0,1,,,15,21.7,21.7,18.2,,71,,9,87,850,5635,54,0.01,0.02,0.02
365,David Moore,TAM,WR,28,7,0,0,0,0,0,0,0,0,,0,7,5,94,18.8,1,0,0,1,,,15,20.4,20.4,17.9,,145,,7,94,924,5404,36,0.01,0.02,0.03
366,Ronnie Rivers,LAR,RB,24,9,1,0,0,0,0,0,32,129,4.03,0,5,5,22,4.4,0,0,0,0,,,15,20.1,23.1,17.6,,93,,37,151,953,6064,43,0.04,0.02,0.00
367,Jeremy Ruckert,NYJ,TE,23,15,6,0,0,0,0,0,0,0,,0,22,16,151,9.44,0,0,0,0,,,15,31.1,34.1,23.1,,69,,22,151,778,4339,19,0.03,0.03,0.00
368,Trent Sherfield,BUF,WR,27,17,1,0,0,0,0,0,0,0,,0,22,11,86,7.82,1,0,0,1,,,15,25.6,25.6,20.1,,147,,22,86,932,6004,52,0.02,0.01,0.02
369,Josh Whyle,TEN,TE,24,11,3,0,0,0,0,0,0,0,,0,15,9,94,10.44,1,0,0,1,,,15,24.4,24.4,19.9,,67,,15,94,868,5210,29,0.02,0.02,0.03
370,Brock Wright,DET,TE,25,14,4,0,0,0,0,0,0,0,,0,14,13,91,7,1,0,0,1,,,15,28.1,28.1,21.6,,70,,14,91,1025,6794,57,0.01,0.01,0.02
,,,,,,,,,,,,,,,,,,,,,,,,,,,,,,,,,,,,,,,,
373,Xavier Hutchinson,HOU,WR,23,16,0,0,0,0,0,0,5,49,9.8,0,19,8,90,11.25,0,0,0,0,,,14,21.9,21.9,17.9,,150,,24,139,948,5996,39,0.03,0.02,0.00
374,Charlie Jones,CIN,WR,25,11,0,0,0,0,0,0,2,13,6.5,0,9,7,64,9.14,0,0,0,1,,,14,20.7,20.7,17.2,,153,,11,77,914,5574,40,0.01,0.01,0.03
375,Terrace Marshall Jr.,CAR,WR,23,9,4,0,0,0,0,0,0,0,,0,33,19,139,7.32,0,1,0,0,,,14,32.9,35.9,23.4,,151,,33,139,935,4758,21,0.04,0.03,0.00
376,Byron Pringle,WAS,WR,30,17,1,0,0,0,0,0,0,0,,0,22,14,161,11.5,0,1,1,0,,,14,28.1,32.1,21.1,,149,,22,161,905,5482,39,0.02,0.03,0.00
377,Ben Skowronek,LAR,WR,26,17,0,0,0,0,0,0,2,9,4.5,0,12,8,66,8.25,1,0,0,1,,,14,21.5,21.5,17.5,,154,,14,75,953,6064,43,0.01,0.01,0.02
378,Tyquan Thornton,NWE,WR,23,9,3,0,0,0,0,0,3,51,17,0,23,13,91,7,0,0,0,0,,,14,27.2,27.2,20.7,,148,,26,142,913,4837,26,0.03,0.03,0.00
379,Jordan Akins,CLE,TE,31,17,4,0,0,0,0,0,0,0,,0,23,15,132,8.8,0,0,0,0,,,13,28.2,31.2,20.7,,72,,23,132,1023,5659,39,0.02,0.02,0.00
380,Isaiah Spiller,LAC,RB,22,9,0,0,0,0,0,0,37,96,2.59,0,6,6,34,5.67,0,0,0,0,,,13,19,19,16,,94,,43,130,1035,5806,38,0.04,0.02,0.00
381,Stephen Sullivan,CAR,TE,27,11,0,0,0,0,0,0,0,0,,0,24,12,125,10.42,0,0,0,0,,,13,24.5,27.5,18.5,,73,,24,125,935,4758,21,0.03,0.03,0.00
382,Lynn Bowden Jr.,NOR,WR,26,15,3,0,0,0,0,0,5,32,6.4,0,16,11,83,7.55,0,1,0,0,,,12,22.5,22.5,17,,158,,21,115,988,5818,40,0.02,0.02,0.00
383,Jason Brownlee,NYJ,WR,24,7,5,0,0,0,0,0,0,0,,0,8,5,56,11.2,1,0,0,1,,,12,16.6,16.6,14.1,,156,,8,56,778,4339,19,0.01,0.01,0.05
384,Randall Cobb,NYJ,WR,33,11,1,0,0,0,0,0,0,0,,0,17,5,39,7.8,1,0,0,1,1,,12,16.9,16.9,14.4,,155,,17,39,778,4339,19,0.02,0.01,0.05
385,Tyler Goodson,IND,RB,23,6,1,0,0,0,0,0,13,87,6.69,0,9,6,34,5.67,0,0,0,0,,,12,18.1,18.1,15.1,,95,,22,121,944,5677,37,0.02,0.02,0.00
386,Alec Ingold,MIA,FB,27,17,13,0,0,0,0,0,2,0,0,0,16,13,119,9.15,0,0,0,0,,,12,24.9,27.9,18.4,,96,,18,119,953,6899,57,0.02,0.02,0.00
388,D.J. Montgomery,IND,WR,27,7,0,0,0,0,0,0,0,0,,0,8,3,56,18.67,1,0,0,1,,,12,14.6,14.6,13.1,,157,,8,56,944,5677,37,0.01,0.01,0.03
389,Boston Scott,PHI,RB,28,15,0,0,0,0,0,0,20,86,4.3,0,6,4,52,13,0,1,1,0,,,12,15.8,16.8,13.8,,97,,26,138,869,5600,46,0.03,0.02,0.00
390,Laviska Shenault Jr.,CAR,WR,25,8,0,0,0,0,0,0,12,55,4.58,0,10,10,60,6,0,1,0,0,,,12,21.5,21.5,16.5,,159,,22,115,935,4758,21,0.02,0.02,0.00
391,Cole Turner,WAS,TE,23,12,1,0,0,0,0,0,0,0,,0,15,11,120,10.91,0,0,0,0,,,12,23,26,17.5,,74,,15,120,905,5482,39,0.02,0.02,0.00
392,C.J. Uzomah,NYJ,TE,30,12,8,0,0,0,0,0,0,0,,0,12,8,58,7.25,1,0,0,1,,,12,19.8,19.8,15.8,,75,,12,58,778,4339,19,0.02,0.01,0.05
394,Raheem Blackshear,CAR,RB,24,12,0,0,0,0,0,0,14,46,3.29,0,7,6,45,7.5,0,0,0,0,1,,11,17.1,17.1,14.1,,99,,21,91,935,4758,21,0.02,0.02,0.00
395,Brandon Bolden,LVR,RB,33,17,0,0,0,0,0,0,4,31,7.75,1,0,0,0,,0,0,0,1,1,,11,11.1,11.1,11.1,,100,,4,31,903,5152,31,0.00,0.01,0.03
397,Chris Brooks,MIA,RB,23,9,0,0,0,0,0,0,19,106,5.58,0,0,0,0,,0,0,0,0,,,11,10.6,13.6,10.6,,103,,19,106,953,6899,57,0.02,0.02,0.00
,,,,,,,,,,,,,,,,,,,,,,,,,,,,,,,,,,,,,,,,
399,La'Mical Perine,KAN,RB,25,3,1,0,0,0,0,0,22,77,3.5,0,5,3,33,11,0,0,0,0,,,11,14,14,12.5,,101,,27,110,911,5612,37,0.03,0.02,0.00
400,Patrick Ricard,BAL,FB,29,17,9,0,0,0,0,0,0,0,,0,7,5,52,10.4,1,0,0,1,,,11,16.2,16.2,13.7,,98,,7,52,850,5635,54,0.01,0.01,0.02
401,Robert Tonyan,CHI,TE,29,17,6,0,0,0,0,0,0,0,,0,17,11,112,10.18,0,0,0,0,,,11,22.2,25.2,16.7,,76,,17,112,802,4855,33,0.02,0.02,0.00
402,Emanuel Wilson,GNB,RB,24,7,0,0,0,0,0,0,14,85,6.07,0,5,4,23,5.75,0,1,0,0,,,11,14.8,14.8,12.8,,102,,19,108,945,5859,42,0.02,0.02,0.00
403,Lawrence Cager,NYG,TE,26,11,0,0,0,0,0,0,0,0,,0,5,4,36,9,1,0,0,1,,,10,13.6,13.6,11.6,,77,,5,36,823,4625,25,0.01,0.01,0.04
404,Parris Campbell,NYG,WR,26,12,3,0,0,0,0,0,0,0,,0,27,20,104,5.2,0,0,0,0,,,10,30.4,33.4,20.4,,161,,27,104,823,4625,25,0.03,0.02,0.00
405,J.K. Dobbins,BAL,RB,25,1,1,0,0,0,0,0,8,22,2.75,1,3,2,15,7.5,0,0,0,1,,,10,11.7,11.7,10.7,,105,,11,37,850,5635,54,0.01,0.01,0.02
406,Marquise Goodwin,CLE,WR,33,12,0,0,0,0,0,0,4,33,8.25,0,13,4,67,16.75,0,0,0,0,,,10,14,14,12,,163,,17,100,1023,5659,39,0.02,0.02,0.00
407,Keaontay Ingram,ARI,RB,24,8,1,0,0,0,0,0,35,74,2.11,0,4,4,26,6.5,0,0,0,0,,,10,14,14,12,,104,,39,100,868,5028,31,0.04,0.02,0.00
409,Keith Kirkwood,NOR,WR,29,13,4,0,0,0,0,0,0,0,,0,9,5,37,7.4,1,0,0,1,,,10,14.7,14.7,12.2,,164,,9,37,988,5818,40,0.01,0.01,0.03
410,Hunter Luepke,DAL,RB,23,17,0,0,0,0,0,0,6,19,3.17,1,4,3,18,6,0,0,0,1,,,10,12.7,12.7,11.2,,106,,10,37,1004,6343,50,0.01,0.01,0.02
411,Sterling Shepard,NYG,WR,30,15,2,0,0,0,0,0,1,6,6,0,22,10,57,5.7,1,1,1,1,,,10,20.3,21.3,15.3,,162,,23,63,823,4625,25,0.03,0.01,0.04
412,Brenton Strange,JAX,TE,23,14,4,0,0,0,0,0,0,0,,0,9,5,35,7,1,0,0,1,,,10,14.5,14.5,12,,78,,9,35,977,5652,39,0.01,0.01,0.03
413,Israel Abanikanda,NYJ,RB,21,6,0,0,0,0,0,0,22,70,3.18,0,11,7,43,6.14,0,1,1,0,,,9,16.3,17.3,12.8,,107,,33,113,778,4339,19,0.04,0.03,0.00
414,Nick Bawden,NYJ,FB,27,16,2,0,0,0,0,0,2,4,2,1,3,3,21,7,0,0,0,1,,,9,11.5,11.5,10,,108,,5,25,778,4339,19,0.01,0.01,0.05
415,Richie James,KAN,WR,28,9,1,0,0,0,0,0,0,0,,0,14,10,114,11.4,0,2,1,0,,,9,19.4,23.4,14.4,,165,,14,114,911,5612,37,0.02,0.02,0.00
416,Marcedes Lewis,CHI,TE,39,17,4,0,0,0,0,0,0,0,,0,5,4,29,7.25,1,0,0,1,,,9,12.9,12.9,10.9,,80,,5,29,802,4855,33,0.01,0.01,0.03
417,Quintin Morris,BUF,TE,24,15,0,0,0,0,0,0,0,0,,0,3,2,26,13,1,0,0,1,,,9,10.6,10.6,9.6,,81,,3,26,932,6004,52,0.00,0.00,0.02
418,Geoff Swaim,ARI,TE,30,14,8,0,0,0,0,0,0,0,,0,11,10,94,9.4,0,0,0,0,,,9,19.4,19.4,14.4,,79,,11,94,868,5028,31,0.01,0.02,0.00
419,Brycen Hopkins,LAR,TE,26,15,0,0,0,0,0,0,0,0,,0,7,5,78,15.6,0,0,0,0,,,8,12.8,12.8,10.3,,83,,7,78,953,6064,43,0.01,0.01,0.00
420,Tim Jones,JAX,WR,25,17,2,0,0,0,0,0,0,0,,0,18,11,83,7.55,0,0,0,0,,,8,19.3,19.3,13.8,,166,,18,83,977,5652,39,0.02,0.01,0.00
421,Dare Ogunbowale,HOU,RB,29,12,0,0,0,0,0,0,8,35,4.38,0,7,2,18,9,0,0,0,0,,,8,10.3,10.3,9.3,,109,,15,53,948,5996,39,0.02,0.01,0.00
422,Ben Sims,GNB,TE,23,17,1,0,0,0,0,0,0,0,,0,6,4,21,5.25,1,0,0,1,,,8,12.1,12.1,10.1,,82,,6,21,945,5859,42,0.01,0.00,0.02
423,Samori Toure,GNB,WR,25,11,0,0,0,0,0,0,0,0,,0,18,8,78,9.75,0,1,1,0,1,,8,15.8,16.8,11.8,,167,,18,78,945,5859,42,0.02,0.01,0.00
424,Deuce Vaughn,DAL,RB,22,7,0,0,0,0,0,0,23,40,1.74,0,7,7,40,5.71,0,0,0,0,,,8,15,15,11.5,,110,,30,80,1004,6343,50,0.03,0.01,0.00
425,Trayveon Williams,CIN,RB,26,17,0,0,0,0,0,0,15,69,4.6,0,9,7,10,1.43,0,0,0,0,,,8,14.9,14.9,11.4,,111,,24,79,914,5574,40,0.03,0.01,0.00
426,Blake Bell,KAN,TE,32,17,3,0,0,0,0,0,0,0,,0,9,5,26,5.2,1,1,1,1,,,7,11.6,12.6,9.1,,84,,9,26,911,5612,37,0.01,0.00,0.03
427,Gary Brightwell,NYG,RB,24,7,0,0,0,0,0,0,9,19,2.11,0,7,5,47,9.4,0,0,0,0,,,7,11.6,11.6,9.1,,113,,16,66,823,4625,25,0.02,0.01,0.00
428,Chris Conley,SFO,WR,31,8,0,0,0,0,0,0,0,0,,0,6,3,69,23,0,0,0,0,,,7,9.9,9.9,8.4,,170,,6,69,910,6807,60,0.01,0.01,0.00
429,Josiah Deguara,GNB,TE,26,15,4,0,0,0,0,0,0,0,,0,8,8,65,8.13,0,0,0,0,,,7,14.5,14.5,10.5,,85,,8,65,945,5859,42,0.01,0.01,0.00
430,Simi Fehoko,LAC,WR,26,6,0,0,0,0,0,0,0,0,,0,2,1,9,9,1,0,0,1,,,7,7.9,7.9,7.4,,171,,2,9,1035,5806,38,0.00,0.00,0.03
431,Eric Gray,NYG,RB,24,13,0,0,0,0,0,0,17,48,2.82,0,7,6,22,3.67,0,3,0,0,,,7,13,13,10,,112,,24,70,823,4625,25,0.03,0.02,0.00
432,Tyler Johnson,LAR,WR,25,1,0,0,0,0,0,0,0,0,,0,3,2,8,4,1,0,0,1,,,7,8.8,8.8,7.8,,172,,3,8,953,6064,43,0.00,0.00,0.02
433,Velus Jones Jr.,CHI,WR,26,14,0,0,0,0,0,0,8,51,6.38,0,7,4,20,5,0,0,0,0,,,7,11.1,11.1,9.1,,168,,15,71,802,4855,33,0.02,0.01,0.00
435,Tylan Wallace,BAL,WR,24,11,0,0,0,0,0,0,0,0,,0,2,1,11,11,0,0,0,1,,,7,8.1,8.1,7.6,,169,,2,11,850,5635,54,0.00,0.00,0.02
436,Jalen Brooks,DAL,WR,23,7,0,0,0,0,0,0,0,0,,0,6,6,64,10.67,0,0,0,0,,,6,12.4,12.4,9.4,,173,,6,64,1004,6343,50,0.01,0.01,0.00
437,DeAndre Carter,LVR,WR,30,17,1,0,0,0,0,0,3,18,6,0,7,4,39,9.75,0,2,0,0,,,6,9.7,9.7,7.7,,176,,10,57,903,5152,31,0.01,0.01,0.00
438,Payne Durham,TAM,TE,23,13,2,0,0,0,0,0,0,0,,0,7,5,58,11.6,0,0,0,0,,,6,10.8,10.8,8.3,,88,,7,58,924,5404,36,0.01,0.01,0.00
440,Rakim Jarrett,TAM,WR,22,10,0,0,0,0,0,0,1,0,0,0,9,4,60,15,0,0,0,0,,,6,10,10,8,,175,,10,60,924,5404,36,0.01,0.01,0.00
441,Ko Kieft,TAM,TE,25,16,6,0,0,0,0,0,0,0,,0,5,1,2,2,1,0,0,1,,,6,7.2,7.2,6.7,,86,,5,2,924,5404,36,0.01,0.00,0.03
442,Isaiah McKenzie,IND,WR,28,13,2,0,0,0,0,0,3,14,4.67,0,14,11,82,7.45,0,3,2,0,,,6,16.6,18.6,11.1,,177,,17,96,944,5677,37,0.02,0.02,0.00
443,Equanimeous St. Brown,CHI,WR,27,7,2,0,0,0,0,0,0,0,,0,6,5,62,12.4,0,0,0,0,,,6,11.2,11.2,8.7,,174,,6,62,802,4855,33,0.01,0.01,0.00
444,Ian Thomas,CAR,TE,27,12,5,0,0,0,0,0,0,0,,0,9,5,56,11.2,0,0,0,0,,,6,10.6,10.6,8.1,,89,,9,56,935,4758,21,0.01,0.01,0.00
445,Darnell Washington,PIT,TE,22,17,7,0,0,0,0,0,0,0,,0,10,7,61,8.71,0,0,0,0,,,6,13.1,13.1,9.6,,87,,10,61,900,5315,29,0.01,0.01,0.00
446,Mitchell Wilcox,CIN,TE,27,17,4,0,0,0,0,0,0,0,,0,12,9,56,6.22,0,0,0,0,,,6,14.6,14.6,10.1,,90,,12,56,914,5574,40,0.01,0.01,0.00
447,Damien Williams,ARI,RB,31,3,0,0,0,0,0,0,11,43,3.91,0,2,2,12,6,0,0,0,0,,,6,7.5,7.5,6.5,,114,,13,55,868,5028,31,0.01,0.01,0.00
449,Ty Montgomery,NWE,WR,30,13,0,0,0,0,0,0,3,9,3,0,12,5,40,8,0,0,0,0,,,5,9.9,9.9,7.4,,179,,15,49,913,4837,26,0.02,0.01,0.00
450,Justyn Ross,KAN,WR,24,10,1,0,0,0,0,0,0,0,,0,11,6,53,8.83,0,0,0,0,,,5,11.3,11.3,8.3,,178,,11,53,911,5612,37,0.01,0.01,0.00
452,Mike Strachan,CAR,WR,26,4,1,0,0,0,0,0,0,0,,0,3,1,45,45,0,0,0,0,,,5,5.5,5.5,5,,180,,3,45,935,4758,21,0.00,0.01,0.00
453,Michael Burton,DEN,FB,31,17,3,0,0,0,0,0,7,9,1.29,0,3,3,8,2.67,0,0,0,0,1,,4,6.7,6.7,5.2,,118,,10,17,836,5027,37,0.01,0.00,0.00
454,Grant Calcaterra,PHI,TE,25,15,1,0,0,0,0,0,0,0,,0,4,4,39,9.75,0,0,0,0,,,4,7.9,7.9,5.9,,91,,4,39,869,5600,46,0.00,0.01,0.00
455,Elijah Cooks,JAX,WR,25,9,0,0,0,0,0,0,0,0,,0,4,3,38,12.67,0,0,0,0,,,4,6.8,6.8,5.3,,182,,4,38,977,5652,39,0.00,0.01,0.00
456,Britain Covey,PHI,WR,26,16,0,0,0,0,0,0,0,0,,0,6,4,42,10.5,0,2,0,0,,,4,8.2,8.2,6.2,,181,,6,42,869,5600,46,0.01,0.01,0.00
457,Leonard Fournette,BUF,RB,28,2,0,0,0,0,0,0,12,40,3.33,0,0,0,0,,0,0,0,0,,,4,4,4,4,,116,,12,40,932,6004,52,0.01,0.01,0.00
458,Peyton Hendershot,DAL,TE,24,8,1,0,0,0,0,0,1,0,0,0,7,4,38,9.5,0,0,0,0,,,4,7.8,7.8,5.8,,92,,8,38,1004,6343,50,0.01,0.01,0.00
459,Rashaad Penny,PHI,RB,27,3,0,0,0,0,0,0,11,33,3,0,1,1,5,5,0,0,0,0,,,4,4.8,4.8,4.3,,117,,12,38,869,5600,46,0.01,0.01,0.00
460,Jack Stoll,PHI,TE,25,17,10,0,0,0,0,0,0,0,,0,8,5,38,7.6,0,0,0,0,,,4,8.8,8.8,6.3,,93,,8,38,869,5600,46,0.01,0.01,0.00
461,Ke'Shawn Vaughn,TAM,RB,26,6,0,0,0,0,0,0,24,42,1.75,0,5,2,2,1,0,0,0,0,,,4,6.4,6.4,5.4,,115,,29,44,924,5404,36,0.03,0.01,0.00
462,Khari Blasingame,CHI,FB,27,16,2,0,0,0,0,0,8,26,3.25,0,6,3,2,0.67,0,0,0,0,,,3,5.8,5.8,4.3,,122,,14,28,802,4855,33,0.02,0.01,0.00
463,Keelan Doss,LAC,WR,27,5,0,0,0,0,0,0,0,0,,0,13,6,33,5.5,0,0,0,0,,,3,9.3,9.3,6.3,,183,,13,33,1035,5806,38,0.01,0.01,0.00
464,Greg Dulcich,DEN,TE,23,2,1,0,0,0,0,0,0,0,,0,4,3,25,8.33,0,0,0,0,,,3,5.5,5.5,4,,99,,4,25,836,5027,37,0.00,0.00,0.00
465,Devin Duvernay,BAL,WR,26,13,1,0,0,0,0,0,4,15,3.75,0,9,4,18,4.5,0,0,0,0,,,3,7.3,7.3,5.3,,184,,13,33,850,5635,54,0.02,0.01,0.00
466,Derrick Gore,WAS,RB,29,6,0,0,0,0,0,0,3,26,8.67,0,0,0,0,,0,0,0,0,,,3,2.6,2.6,2.6,,123,,3,26,905,5482,39,0.00,0.00,0.00
467,C.J. Ham,MIN,FB,30,17,5,0,0,0,0,0,1,7,7,0,9,7,25,3.57,0,0,0,0,,,3,10.2,10.2,6.7,,120,,10,32,889,5818,33,0.01,0.01,0.00
468,Julian Hill,MIA,TE,23,15,4,0,0,0,0,0,0,0,,0,9,6,48,8,0,1,1,0,,,3,8.8,9.8,5.8,,96,,9,48,953,6899,57,0.01,0.01,0.00
469,Trishton Jackson,MIN,WR,25,7,0,0,0,0,0,0,0,0,,0,4,2,9,4.5,0,0,0,0,1,,3,4.9,4.9,3.9,,185,,4,9,889,5818,33,0.00,0.00,0.00
470,James Mitchell,DET,TE,24,15,1,0,0,0,0,0,0,0,,0,2,2,28,14,0,0,0,0,,,3,4.8,4.8,3.8,,97,,2,28,1025,6794,57,0.00,0.00,0.00
471,Jalen Nailor,MIN,WR,24,6,1,0,0,0,0,0,0,0,,0,6,3,29,9.67,0,0,0,0,,,3,5.9,5.9,4.4,,186,,6,29,889,5818,33,0.01,0.00,0.00
472,Teagan Quitoriano,HOU,TE,23,7,5,0,0,0,0,0,0,0,,0,3,2,33,16.5,0,0,0,0,,,3,5.3,5.3,4.3,,94,,3,33,948,5996,39,0.00,0.01,0.00
474,Steven Sims,HOU,WR,26,3,0,0,0,0,0,0,1,1,1,0,3,3,25,8.33,0,0,0,0,,,3,5.6,5.6,4.1,,187,,4,26,948,5996,39,0.00,0.00,0.00
475,Keith Smith,ATL,FB,31,13,6,0,0,0,0,0,0,0,,0,3,3,33,11,0,0,0,0,,,3,6.3,6.3,4.8,,119,,3,33,930,5516,31,0.00,0.01,0.00
476,Sean Tucker,TAM,RB,22,11,0,0,0,0,0,0,15,23,1.53,0,2,2,9,4.5,0,0,0,0,,,3,5.2,5.2,4.2,,121,,17,32,924,5404,36,0.02,0.01,0.00
478,Charlie Woerner,SFO,TE,26,17,2,0,0,0,0,0,0,0,,0,3,3,32,10.67,0,0,0,0,,,3,6.2,6.2,4.7,,95,,3,32,910,6807,60,0.00,0.00,0.00
479,Kenny Yeboah,NYJ,TE,25,5,1,0,0,0,0,0,0,0,,0,4,2,28,14,0,0,0,0,,,3,4.8,4.8,3.8,,98,,4,28,778,4339,19,0.01,0.01,0.00
480,Nate Adkins,DEN,TE,24,10,1,0,0,0,0,0,0,0,,0,5,4,22,5.5,0,0,0,0,,,2,6.2,6.2,4.2,,100,,5,22,836,5027,37,0.01,0.00,0.00
481,Kayshon Boutte,NWE,WR,21,5,0,0,0,0,0,0,0,0,,0,7,2,19,9.5,0,0,0,0,,,2,3.9,3.9,2.9,,190,,7,19,913,4837,26,0.01,0.00,0.00
482,Miles Boykin,PIT,WR,27,17,0,0,0,0,0,0,0,0,,0,4,3,17,5.67,0,0,0,0,,,2,4.7,4.7,3.2,,192,,4,17,900,5315,29,0.00,0.00,0.00
483,DeeJay Dallas,SEA,RB,25,17,0,0,0,0,0,0,10,36,3.6,0,9,6,26,4.33,0,2,2,0,,,2,8.2,10.2,5.2,,124,,19,62,886,5580,34,0.02,0.01,0.00
484,Tyrion Davis-Price,SFO,RB,23,1,0,0,0,0,0,0,6,21,3.5,0,0,0,0,,0,0,0,0,,,2,2.1,2.1,2.1,,126,,6,21,910,6807,60,0.01,0.00,0.00
485,Elijah Dotson,LAC,RB,24,4,0,0,0,0,0,0,4,6,1.5,0,2,2,13,6.5,0,0,0,0,,,2,3.9,3.9,2.9,,128,,6,19,1035,5806,38,0.01,0.00,0.00
486,Zach Evans,LAR,RB,22,10,0,0,0,0,0,0,9,19,2.11,0,0,0,0,,0,0,0,0,,,2,1.9,1.9,1.9,,129,,9,19,953,6064,43,0.01,0.00,0.00
487,Erik Ezukanma,MIA,WR,23,2,0,0,0,0,0,0,5,22,4.4,0,1,0,0,,0,0,0,0,,,2,2.2,2.2,2.2,,188,,6,22,953,6899,57,0.01,0.00,0.00
488,Jake Funk,IND,RB,25,4,0,0,0,0,0,0,2,10,5,0,1,1,12,12,0,0,0,0,,,2,3.2,3.2,2.7,,125,,3,22,944,5677,37,0.00,0.00,0.00
490,Marvin Jones,DET,WR,33,6,4,0,0,0,0,0,0,0,,0,10,5,35,7,0,1,1,0,,,2,6.5,7.5,4,,194,,10,35,1025,6794,57,0.01,0.01,0.00
491,Zonovan Knight,DET,RB,22,2,0,0,0,0,0,0,3,13,4.33,0,1,1,8,8,0,0,0,0,,,2,3.1,3.1,2.6,,127,,4,21,1025,6794,57,0.00,0.00,0.00
492,Chris Manhertz,DEN,TE,31,16,4,0,0,0,0,0,0,0,,0,4,2,16,8,0,0,0,0,,,2,3.6,3.6,2.6,,103,,4,16,836,5027,37,0.00,0.00,0.00
493,Nick Muse,MIN,TE,25,2,0,0,0,0,0,0,0,0,,0,1,1,22,22,0,0,0,0,,,2,3.2,3.2,2.7,,101,,1,22,889,5818,33,0.00,0.00,0.00
,,,,,,,,,,,,,,,,,,,,,,,,,,,,,,,,,,,,,,,,
495,Zach Pascal,ARI,WR,29,14,1,0,0,0,0,0,0,0,,0,15,4,19,4.75,0,0,0,0,,,2,5.9,5.9,3.9,,191,,15,19,868,5028,31,0.02,0.00,0.00
496,Laquon Treadwell,BAL,WR,28,5,1,0,0,0,0,0,0,0,,0,3,1,16,16,0,0,0,0,,,2,2.6,2.6,2.1,,193,,3,16,850,5635,54,0.00,0.00,0.00
497,Trevon Wesco,TEN,TE,28,15,10,0,0,0,0,0,0,0,,0,3,1,21,21,0,0,0,0,,,2,3.1,3.1,2.6,,102,,3,21,868,5210,29,0.00,0.00,0.00
499,Alex Armah,WAS,RB,29,8,0,0,0,0,0,0,0,0,,0,3,3,13,4.33,0,0,0,0,,,1,4.3,4.3,2.8,,130,,3,13,905,5482,39,0.00,0.00,0.00
501,Jashaun Corbin,NYG,RB,23,6,0,0,0,0,0,0,1,1,1,0,3,3,12,4,0,0,0,0,,,1,4.3,4.3,2.8,,131,,4,13,823,4625,25,0.00,0.00,0.00
,,,,,,,,,,,,,,,,,,,,,,,,,,,,,,,,,,,,,,,,
503,Ross Dwelley,SFO,TE,28,12,0,0,0,0,0,0,0,0,,0,2,1,12,12,0,0,0,0,,,1,2.2,2.2,1.7,,104,,2,12,910,6807,60,0.00,0.00,0.00
504,D'Wayne Eskridge,SEA,WR,26,4,0,0,0,0,0,0,2,5,2.5,0,1,0,0,,0,0,0,0,,,1,0.5,0.5,0.5,,201,,3,5,886,5580,34,0.00,0.00,0.00
505,Chris Evans,CIN,RB,26,8,0,0,0,0,0,0,2,12,6,0,1,1,-1,-1,0,0,0,0,,,1,2.1,2.1,1.6,,136,,3,11,914,5574,40,0.00,0.00,0.00
506,Tucker Fisk,ATL,TE,24,6,2,0,0,0,0,0,0,0,,0,1,1,9,9,0,0,0,0,,,1,1.9,1.9,1.4,,107,,1,9,930,5516,31,0.00,0.00,0.00
507,John FitzPatrick,ATL,TE,23,9,0,0,0,0,0,0,0,0,,0,1,1,12,12,0,0,0,0,,,1,2.2,2.2,1.7,,105,,1,12,930,5516,31,0.00,0.00,0.00
508,Cole Fotheringham,LVR,TE,26,2,0,0,0,0,0,0,0,0,,0,1,1,6,6,0,0,0,0,,,1,1.6,1.6,1.1,,108,,1,6,903,5152,31,0.00,0.00,0.00
509,Evan Hull,IND,RB,23,1,0,0,0,0,0,0,1,1,1,0,1,1,6,6,0,0,0,0,,,1,1.7,1.7,1.2,,139,,2,7,944,5677,37,0.00,0.00,0.00
510,Collin Johnson,CHI,WR,26,3,0,0,0,0,0,0,0,0,,0,1,1,11,11,0,0,0,0,,,1,2.1,2.1,1.6,,197,,1,11,802,4855,33,0.00,0.00,0.00
511,Jakob Johnson,LVR,FB,29,13,5,0,0,0,0,0,0,0,,0,2,1,12,12,0,0,0,0,,,1,2.2,2.2,1.7,,134,,2,12,903,5152,31,0.00,0.00,0.00
512,Mason Kinsey,TEN,WR,25,6,0,0,0,0,0,0,0,0,,0,1,1,6,6,0,0,0,0,,,1,1.6,1.6,1.1,,200,,1,6,868,5210,29,0.00,0.00,0.00
514,Anthony McFarland Jr.,PIT,RB,25,3,0,0,0,0,0,0,0,0,,0,2,2,11,5.5,0,0,0,0,,,1,3.1,3.1,2.1,,137,,2,11,900,5315,29,0.00,0.00,0.00
515,Kene Nwangwu,MIN,RB,25,9,0,0,0,0,0,0,5,13,2.6,0,0,0,0,,0,0,0,0,,,1,1.3,1.3,1.3,,132,,5,13,889,5818,33,0.01,0.00,0.00
516,Devine Ozigbo,DET,RB,27,3,0,0,0,0,0,0,3,5,1.67,0,1,1,8,8,0,0,0,0,,,1,2.3,2.3,1.8,,133,,4,13,1025,6794,57,0.00,0.00,0.00
517,Kevin Rader,TEN,TE,28,14,0,0,0,0,0,0,0,0,,0,3,1,6,6,0,0,0,0,,,1,1.6,1.6,1.1,,109,,3,6,868,5210,29,0.00,0.00,0.00
,,,,,,,,,,,,,,,,,,,,,,,,,,,,,,,,,,,,,,,,
519,Willie Snead,SFO,WR,31,4,0,0,0,0,0,0,0,0,,0,3,2,14,7,0,0,0,0,,,1,3.4,3.4,2.4,,195,,3,14,910,6807,60,0.00,0.00,0.00
520,Malik Taylor,NYJ,WR,28,3,0,0,0,0,0,0,0,0,,0,4,2,13,6.5,0,0,0,0,,,1,3.3,3.3,2.3,,196,,4,13,778,4339,19,0.01,0.00,0.00
521,Cody Thompson,SEA,WR,27,7,0,0,0,0,0,0,0,0,,0,1,1,10,10,0,0,0,0,,,1,2,2,1.5,,198,,1,10,886,5580,34,0.00,0.00,0.00
522,Austin Trammell,LAR,WR,25,16,0,0,0,0,0,0,0,0,,0,7,4,29,7.25,0,3,1,0,,,1,4.9,5.9,2.9,,199,,7,29,953,6064,43,0.01,0.00,0.00
523,Jonathan Ward,TEN,RB,26,7,0,0,0,0,0,0,3,11,3.67,0,0,0,0,,0,0,0,0,,,1,1.1,1.1,1.1,,138,,3,11,868,5210,29,0.00,0.00,0.00
